ID,Title,Company,Location,Workexp,Skill
https://www.saramin.co.kr/zf_user/jobs/relay/view?isMypage=no&rec_idx=48206666,"[아정당]백엔드, 프론트엔드, Devops등 개발 전직군 채용",(주)아정네트웍스,서울강남구,경력2년↑,AWS 인프라 Java 
https://www.saramin.co.kr/zf_user/jobs/relay/view?isMypage=no&rec_idx=48418695,DevOps 엔지니어 모집,엔에이치엔인재아이엔씨(주),서울구로구,신입·경력,Linux Python SE(시스템엔지니어) 
https://www.saramin.co.kr/zf_user/jobs/relay/view?isMypage=no&rec_idx=48533179,ITIL/ITSM 과 DevOps 컨설팅 및 로드맵,(주)플래티어,서울전체,경력 5~15년,인프라 솔루션 Python 
https://www.saramin.co.kr/zf_user/jobs/relay/view?isMypage=no&rec_idx=48495116,[패스오더] DevOps Engineer,(주)페이타랩,서울강남구,신입·경력,AWS 인프라 백엔드/서버개발 
https://www.saramin.co.kr/zf_user/jobs/relay/view?isMypage=no&rec_idx=48536762,주니어 데브옵스 엔지니어(DevOps Engineer),(주)와탭랩스,서울서초구,신입·경력,인프라 Java Linux 
https://www.saramin.co.kr/zf_user/jobs/relay/view?isMypage=no&rec_idx=48461749,[kt그룹사] 경력 채용-Cloud Native & DevOps 엔지니어,(주)오픈클라우드랩,서울강남구,경력3년↑,AWS 인프라 Linux 
https://www.saramin.co.kr/zf_user/jobs/relay/view?isMypage=no&rec_idx=48537734,"devops/시스템엔지니어 (서울, 대전 모두 가능)",(주)시스트란,대전전체,경력 1~15년,AWS 인프라 Linux 
https://www.saramin.co.kr/zf_user/jobs/relay/view?isMypage=no&rec_idx=48553710,DevOps Engineer,(주)야놀자,서울강남구,경력 3~15년,AWS 인프라 Java 
https://www.saramin.co.kr/zf_user/jobs/relay/view?isMypage=no&rec_idx=48590064,제어로봇팀 devops/시스템엔지니어 부서장 채용,경기산업(주),경기시흥시,경력15년↑,SE(시스템엔지니어) S/W 기술엔지니어 기술설계 
https://www.saramin.co.kr/zf_user/jobs/relay/view?isMypage=no&rec_idx=48453944,DevOps 엔지니어 (경력 3년이상),(주)크레버스,서울강남구,경력 3~7년,인프라 Java Linux 
https://www.saramin.co.kr/zf_user/jobs/relay/view?isMypage=no&rec_idx=48546167,[Infra Div.] Publishing DevOps (3년 이상),(주)크래프톤,서울강남구,경력 3~10년,AWS 인프라 Java 
https://www.saramin.co.kr/zf_user/jobs/relay/view?isMypage=no&rec_idx=48577864,DevOps 담당 채용,(주)키다리스튜디오,서울성동구,경력 6~8년,AWS 인프라 백엔드/서버개발 
https://www.saramin.co.kr/zf_user/jobs/relay/view?isMypage=no&rec_idx=48470998,[커넥트웨이브] 플레이오토 DevOps Engineer 채용(신입/경력),(주)커넥트웨이브,서울구로구,경력무관,인프라 Linux 솔루션 
https://www.saramin.co.kr/zf_user/jobs/relay/view?isMypage=no&rec_idx=48283666,"Cloud Engineer (Cloud/DevOps/ M/W,PaaS) 채용",메가존클라우드(주),서울강남구,경력 2~15년,솔루션 Python 네트워크 
https://www.saramin.co.kr/zf_user/jobs/relay/view?isMypage=no&rec_idx=48602175,DevOps 개발자 - DevOps팀,(주)카카오페이,경기성남시 분당구,경력,Linux 트러블슈팅 종합금융 
https://www.saramin.co.kr/zf_user/jobs/relay/view?isMypage=no&rec_idx=48584002,DevOps Engineer,(주)스푼라디오,서울강남구,경력 5~10년,AWS 인프라 솔루션 
https://www.saramin.co.kr/zf_user/jobs/relay/view?isMypage=no&rec_idx=48495123,[패스오더] DevOps Engineer (병역특례/산업기능요원/보충역/전직),(주)페이타랩,서울강남구,신입·경력,AWS 인프라 백엔드/서버개발 
https://www.saramin.co.kr/zf_user/jobs/relay/view?isMypage=no&rec_idx=48542111,DEVOPS / Infrastructure 엔지니어,(주)보스반도체,경기전체,경력 1~8년,Python 웹개발 프론트엔드 
https://www.saramin.co.kr/zf_user/jobs/relay/view?isMypage=no&rec_idx=48416211,[니즈게임즈] DevOps 엔지니어 채용,니즈게임즈(주),서울강남구,경력,인프라 Python 네트워크 
https://www.saramin.co.kr/zf_user/jobs/relay/view?isMypage=no&rec_idx=48531829,Devops 엔지니어 모집,(주)카카오페이손해보험,경기성남시 분당구,경력,AWS 트러블슈팅 Git 
https://www.saramin.co.kr/zf_user/jobs/relay/view?isMypage=no&rec_idx=48417569,DevOps / 시스템관리자,(주)와트,경기성남시 수정구,경력2년↑,백엔드/서버개발 기술지원 데이터엔지니어 
https://www.saramin.co.kr/zf_user/jobs/relay/view?isMypage=no&rec_idx=48517048,[토스모바일] DevOps 엔지니어 경력사원 모집,토스모바일(주),서울금천구,경력2년↑,AWS 인프라 Linux 
https://www.saramin.co.kr/zf_user/jobs/relay/view?isMypage=no&rec_idx=48523207,DevOps 엔지니어 부문 신입/경력  사원 모집,(주)매그넘브릿지,서울강남구,신입·경력,Linux SE(시스템엔지니어) C# 
https://www.saramin.co.kr/zf_user/jobs/relay/view?isMypage=no&rec_idx=48599148,[핀테크 기업] DevOps 개발자 채용(경력 3년이상),(주)캐시멜로,서울강남구,경력 3~10년,인프라 Java Linux 
https://www.saramin.co.kr/zf_user/jobs/relay/view?isMypage=no&rec_idx=48602714,데브옵스 엔지니어(DevOps) 모집,(주)그루핀,서울강남구,경력 1~5년,AWS 인프라 Python 
https://www.saramin.co.kr/zf_user/jobs/relay/view?isMypage=no&rec_idx=48486152,(주)문구야놀자 IT서비스 DevOps 개발자 모십니다.,(주)문구야놀자,서울동작구,경력무관,프론트엔드 MySQL PHP 
https://www.saramin.co.kr/zf_user/jobs/relay/view?isMypage=no&rec_idx=48529190,[AOX Korea] DevOps Monitoring(신입),유한회사에이오엑스코리아,서울강남구,신입,Java 솔루션 Python 
https://www.saramin.co.kr/zf_user/jobs/relay/view?isMypage=no&rec_idx=48514732,[하나금융그룹 자회사] CI/CD DevOps 엔지니어 경력,(주)지엘엔인터내셔널,서울강남구,경력 1~5년,AWS 네트워크 Docker 
https://www.saramin.co.kr/zf_user/jobs/relay/view?isMypage=no&rec_idx=48522359,[신입/경력] 게임 기술PM 영입 (a.k.a SRE/DevOps),(주)카카오게임즈,경기성남시 분당구,신입·경력,인프라 기술지원 아키텍쳐 
https://www.saramin.co.kr/zf_user/jobs/relay/view?isMypage=no&rec_idx=48499910,클라우드엔지니어/DevOps엔지니어 모집(1년이상 경력),(주)엠티데이타,경기성남시 분당구,신입·경력,Java 솔루션 Python 
https://www.saramin.co.kr/zf_user/jobs/relay/view?isMypage=no&rec_idx=48573972,클라우드엔지니어/DevOps엔지니어 경력자 모집(5년이상 경력),(주)엠티데이타,경기성남시 분당구,신입·경력,Java 솔루션 Python 
https://www.saramin.co.kr/zf_user/jobs/relay/view?isMypage=no&rec_idx=48545705,Healthcare BU  HC플랫폼개발팀 DevOps파트 채용,삼양식품(주),서울성북구,경력 5~15년,인프라 Java Linux 
https://www.saramin.co.kr/zf_user/jobs/relay/view?isMypage=no&rec_idx=48545727,Healthcare BU  HC플랫폼개발팀 DevOps파트 채용,삼양식품(주),서울성북구,경력 5~15년,인프라 Java Linux 
https://www.saramin.co.kr/zf_user/jobs/relay/view?isMypage=no&rec_idx=48473376,DevOps 담당 (경력),(주)키다리스튜디오,서울성동구,경력 6~10년,AWS 인프라 네트워크 
https://www.saramin.co.kr/zf_user/jobs/relay/view?isMypage=no&rec_idx=48467563,DevOps 매니저,(주)밀리의서재,서울마포구,경력 2~5년,인프라 Linux Python 
https://www.saramin.co.kr/zf_user/jobs/relay/view?isMypage=no&rec_idx=48415774,[라온시큐어] DevOps Engineer 경력직 채용,라온시큐어(주),서울영등포구,경력3년↑,정보보안 QA/테스터 SE(시스템엔지니어) 
https://www.saramin.co.kr/zf_user/jobs/relay/view?isMypage=no&rec_idx=48358004,[컬리] DevOps 엔지니어 (DevOps Engineer),(주)컬리,서울강남구,경력3년↑,AWS 인프라 아키텍쳐 
https://www.saramin.co.kr/zf_user/jobs/relay/view?isMypage=no&rec_idx=48454544,DevOps Engineer,오케스트로(주),서울전체,경력 1~6년,인프라 Linux 네트워크 
https://www.saramin.co.kr/zf_user/jobs/relay/view?isMypage=no&rec_idx=48455254,Full Stack Developer (DevOps Platform),오케스트로(주),서울전체,경력 1~10년,Java Linux 백엔드/서버개발 
https://www.saramin.co.kr/zf_user/jobs/relay/view?isMypage=no&rec_idx=48527771,DevOps Engineer(AA/TA),오케스트로(주),서울전체,경력 5~25년,AWS 인프라 Java 
https://www.saramin.co.kr/zf_user/jobs/relay/view?isMypage=no&rec_idx=47117579,DevOps Engineer,토스증권(주),서울강남구,경력무관,AWS 인프라 Java 
https://www.saramin.co.kr/zf_user/jobs/relay/view?isMypage=no&rec_idx=48465758,자율주행 DevOps Engineer (Senior/Staff),(주)에이스웍스코리아,서울강남구,경력 5~15년,인프라 솔루션 백엔드/서버개발 
https://www.saramin.co.kr/zf_user/jobs/relay/view?isMypage=no&rec_idx=48528475,DevOps 엔지니어 모집,(주)바이브컴퍼니,서울용산구,경력3년↑,AWS 인프라 솔루션 
https://www.saramin.co.kr/zf_user/jobs/relay/view?isMypage=no&rec_idx=48529436,(주)플래티어 ITIL/ITSM과 DevOps 컨설팅 및 로드맵 경력직 채용,(주)플래티어,서울송파구,경력 5~15년,기술지원 SE(시스템엔지니어) C++ 
https://www.saramin.co.kr/zf_user/jobs/relay/view?isMypage=no&rec_idx=48452313,모빌리티 IoT 프레임워크/솔루션 인프라/DevOps 경력 채용,(주)알티모빌리티,서울서초구,경력 3~10년,AWS 인프라 솔루션 
https://www.saramin.co.kr/zf_user/jobs/relay/view?isMypage=no&rec_idx=48475526,DevOps 모집,(주)시너샛코리아,부산해운대구,경력무관,정보통신 GIS 통신공사 
https://www.saramin.co.kr/zf_user/jobs/relay/view?isMypage=no&rec_idx=48527583,모빌리티 IoT 프레임워크/솔루션 인프라/DevOps 경력자 채용,(주)알티모빌리티,서울서초구,경력3년↑,AWS 인프라 솔루션 
https://www.saramin.co.kr/zf_user/jobs/relay/view?isMypage=no&rec_idx=48500213,DevOps 엔지니어 구인(경력),인포그랩(유),경기전체,경력 1~15년,AWS 인프라 솔루션 
https://www.saramin.co.kr/zf_user/jobs/relay/view?isMypage=no&rec_idx=48500216,DevOps 컨설턴트/코치 구인 (경력),인포그랩(유),경기전체,경력 5~20년,AWS 인프라 Java 
https://www.saramin.co.kr/zf_user/jobs/relay/view?isMypage=no&rec_idx=48400946,DevSecOps Engineer (DevOps + Security),(주)스카이랩스,경기성남시 분당구,경력 5~15년,인프라 네트워크 임베디드 
https://www.saramin.co.kr/zf_user/jobs/relay/view?isMypage=no&rec_idx=48527066,[Unannounced Project] DevOps Engineer (데브옵스 엔지니어),일렉트로닉아츠코리아유한책임회사,서울강남구,경력 5~15년,인프라 Java Python 
https://www.saramin.co.kr/zf_user/jobs/relay/view?isMypage=no&rec_idx=48536732,데브옵스 엔지니어(DevOps Engineer)(7년 이상),(주)와탭랩스,서울서초구,경력 7~12년,AWS 인프라 Java 
https://www.saramin.co.kr/zf_user/jobs/relay/view?isMypage=no&rec_idx=48513217,AWS DevOps,프롭티어(주),서울서초구,경력 5~10년,AWS 인프라 Linux 
https://www.saramin.co.kr/zf_user/jobs/relay/view?isMypage=no&rec_idx=48601467,[AI SaaS 스타트업] IT Engineer(DevOps),(주)퀀텀에이아이,서울강남구,경력 4~7년,Linux 네트워크 Nginx 
https://www.saramin.co.kr/zf_user/jobs/relay/view?isMypage=no&rec_idx=48397063,(주)시어스랩 DevOps 엔지니어 채용,(주)시어스랩,서울서초구,경력 3~8년,AWS 인프라 솔루션 
https://www.saramin.co.kr/zf_user/jobs/relay/view?isMypage=no&rec_idx=48419021,DevOps (On-prem Infrastructure) Engineer,올거나이즈코리아(주),서울강남구,경력 3~10년,Linux 솔루션 네트워크 
https://www.saramin.co.kr/zf_user/jobs/relay/view?isMypage=no&rec_idx=48419188,DevOps Engineer,올거나이즈코리아(주),서울강남구,경력 3~10년,AWS 인프라 Java 
https://www.saramin.co.kr/zf_user/jobs/relay/view?isMypage=no&rec_idx=48474822,Devops가능자 모집/ (Unity 경력자 채용),(주)지지56코리아,서울강남구,경력3년↑,웹개발 모델링 블록체인 
https://www.saramin.co.kr/zf_user/jobs/relay/view?isMypage=no&rec_idx=48547883,유명중견교육그룹 DevOps 엔지니어 대리과장급,HR컨설팅(주),서울성동구,경력 3~10년,AWS 인프라 Java 
https://www.saramin.co.kr/zf_user/jobs/relay/view?isMypage=no&rec_idx=48574468,DevOps 엔지니어,(주)데이터메이커,대전전체,경력 5~20년,인프라 Linux 솔루션 
https://www.saramin.co.kr/zf_user/jobs/relay/view?isMypage=no&rec_idx=48444233,DevOps 엔지니어 (경력 3년이상),(주)버즈빌,서울전체,경력 3~15년,AWS 인프라 솔루션 
https://www.saramin.co.kr/zf_user/jobs/relay/view?isMypage=no&rec_idx=48444218,DevOps 엔지니어(리드급),(주)버즈빌,서울전체,경력 5~15년,AWS 인프라 솔루션 
https://www.saramin.co.kr/zf_user/jobs/relay/view?isMypage=no&rec_idx=48469303,ML / DevOps Engineer 경력자 공고,(주)알고그랩,경기성남시 분당구,경력 3~10년,AWS 인프라 Java 
https://www.saramin.co.kr/zf_user/jobs/relay/view?isMypage=no&rec_idx=48573790,"[긴급] 코스닥 TOP보안솔루션 / DevOps Engineer (3~10년, EKS)",(주)투비파트너즈,서울서초구,경력 3~10년,AWS 인프라 Java 
https://www.saramin.co.kr/zf_user/jobs/relay/view?isMypage=no&rec_idx=48565645,유명 IT기업 DevOps엔지니어 모집,(주)헬로서치,서울강남구,경력4년↑,AWS 인프라 네트워크 
https://www.saramin.co.kr/zf_user/jobs/relay/view?isMypage=no&rec_idx=48487410,"클라우드 엔지니어 채용  (K8s/AWS - DevOps, DevSecOps 등)",시프트원(주),서울강남구,경력6년↑,AWS Azure Kubernetes 
https://www.saramin.co.kr/zf_user/jobs/relay/view?isMypage=no&rec_idx=48573515,[유망 데이터  솔루션 업체] DevOps 엔지니어,(주)휴먼트리월드와이드,서울마포구,경력 4~10년,AWS 인프라 Linux 
https://www.saramin.co.kr/zf_user/jobs/relay/view?isMypage=no&rec_idx=48390322,MVL [TADA] DevOps Engineer,(주)이지식스,서울강남구,경력 5~8년,AWS Kubernetes 블록체인 
https://www.saramin.co.kr/zf_user/jobs/relay/view?isMypage=no&rec_idx=48481144,Senior DevOps Engineer,(주)라쿠텐심포니코리아,서울서초구,경력,인프라 Python 백엔드/서버개발 
https://www.saramin.co.kr/zf_user/jobs/relay/view?isMypage=no&rec_idx=48488451,[TADA] DevOps Engineer 채용,(주)이지식스,서울강남구,경력 5~8년,AWS 인프라 백엔드/서버개발 
https://www.saramin.co.kr/zf_user/jobs/relay/view?isMypage=no&rec_idx=48296803,[정규] 웹 최적화 솔루션 DevOps 엔지니어 및 컨설턴트,와인소프트(주),서울성동구,경력3년↑,인프라 Linux 솔루션 
https://www.saramin.co.kr/zf_user/jobs/relay/view?isMypage=no&rec_idx=48513883,[스탠바이랩] 데브옵스(DevOps) 엔지니어 경력직 채용,스탠바이랩(주),서울강남구,경력 2~10년,AWS 인프라 Linux 
https://www.saramin.co.kr/zf_user/jobs/relay/view?isMypage=no&rec_idx=48602686,ㅣICTㅣDevOps 엔지니어 (주임-과장급),(주)베스트에치알 (Best HR),서울전체,경력3년↑,Java 기술지원 Jenkins 
https://www.saramin.co.kr/zf_user/jobs/relay/view?isMypage=no&rec_idx=48604417,[개발] 사내 시스템 DevOps 엔지니어/세계적인 게임사/판교,(주)에이치알비즈코리아,경기성남시 분당구,경력 7~14년,인프라 아키텍쳐 트러블슈팅 
https://www.saramin.co.kr/zf_user/jobs/relay/view?isMypage=no&rec_idx=48280622,DevOps Engineer 채용,(주)아이지넷,서울전체,경력 5~15년,인프라 Python 네트워크 
https://www.saramin.co.kr/zf_user/jobs/relay/view?isMypage=no&rec_idx=48499638,자율주행 로봇 연구소 DevOps 개발자 채용,(주)에이알247,경기성남시 분당구,경력,자율주행 C++ Ubuntu 
https://www.saramin.co.kr/zf_user/jobs/relay/view?isMypage=no&rec_idx=48385335,Backend Engineer (DevOps),(주)디엔코리아,서울전체,경력 3~10년,AWS 인프라 백엔드/서버개발 
https://www.saramin.co.kr/zf_user/jobs/relay/view?isMypage=no&rec_idx=48525817,[4-10년] Blockchain DevOps,비씨랩스(주),서울강남구,경력 4~10년,인프라 네트워크 백엔드/서버개발 
https://www.saramin.co.kr/zf_user/jobs/relay/view?isMypage=no&rec_idx=48597716,블록체인 devops 개발자,(주)디카르고,서울강남구,경력5년↑,AWS 인프라 네트워크 
https://www.saramin.co.kr/zf_user/jobs/relay/view?isMypage=no&rec_idx=48458177,[AOX Korea] DevOps Engineer,유한회사에이오엑스코리아,서울강남구,신입·경력,인프라 Linux 솔루션 
https://www.saramin.co.kr/zf_user/jobs/relay/view?isMypage=no&rec_idx=48552249,[디지털컨텐츠스타트업] DevOps 엔지니어 채용,휴먼인써치,서울성동구,경력2년↑,AWS 인프라 Java 
https://www.saramin.co.kr/zf_user/jobs/relay/view?isMypage=no&rec_idx=48552873,"의료기기 데브옵스(DevOps+Security) 엔지니어 주임,대리과장급(",굿커리어,서울강남구,경력 2~10년,인프라 솔루션 네트워크 
https://www.saramin.co.kr/zf_user/jobs/relay/view?isMypage=no&rec_idx=48566909,[ DevOps Engineer (Platform(NP) ] iGaming 글로벌개발스튜디오,쓰리핸즈(3Handz),서울강남구,경력 3~13년,AWS 게임개발 Azure 
https://www.saramin.co.kr/zf_user/jobs/relay/view?isMypage=no&rec_idx=48604224,1위 교과서 전문기업-DevOps 엔지니어 - 경력6년 이상,위더스파트너스(주),서울금천구,경력7년↑,AWS 솔루션 네트워크 
https://www.saramin.co.kr/zf_user/jobs/relay/view?isMypage=no&rec_idx=48607413,DevOps 엔지니어(5년 이상) 채용,주식회사 아더월드,서울성동구,경력 5~6년,AWS 인프라 Java 
https://www.saramin.co.kr/zf_user/jobs/relay/view?isMypage=no&rec_idx=48611705,[이커머스솔루션기업] ITIL/ITSM과 DevOps 컨설팅 담당 채용,휴먼인써치,서울송파구,경력 5~13년,IT컨설팅 서비스기획 IT컨설팅 
https://www.saramin.co.kr/zf_user/jobs/relay/view?isMypage=no&rec_idx=46829174,DevOps 개발자 상시 인재 Pool,(주)LG유플러스,서울중구,경력5년↑,AWS Java Kotlin 
https://www.saramin.co.kr/zf_user/jobs/relay/view?isMypage=no&rec_idx=48570597,IT 보안인증 코스닥기업 DevOps 엔지니어,그레이스앤파트너스(주),서울영등포구,경력3년↑,AWS Java Javascript 
https://www.saramin.co.kr/zf_user/jobs/relay/view?isMypage=no&rec_idx=48597456,반도체 디자인 하우스 DevOps Engineer,시너지파트너즈(주),경기성남시 분당구,경력3년↑,Java Linux Python 
https://www.saramin.co.kr/zf_user/jobs/relay/view?isMypage=no&rec_idx=48421565,"(주)에이비스, Devops 및 시스템 구축/운영 담당자 정규직 채용",(주)에이비스,서울강남구,경력 3~10년,솔루션 백엔드/서버개발 SI개발 
https://www.saramin.co.kr/zf_user/jobs/relay/view?isMypage=no&rec_idx=48494888,DevOps 엔지니어,(주)스트리미,서울강남구,경력 3~7년,인프라 Linux 네트워크 
https://www.saramin.co.kr/zf_user/jobs/relay/view?isMypage=no&rec_idx=48458208,[AOX Korea] DevOps Engineer - 운영/모니터링,유한회사에이오엑스코리아,서울강남구,신입·경력,인프라 솔루션 네트워크 
https://www.saramin.co.kr/zf_user/jobs/relay/view?isMypage=no&rec_idx=48298898,DevOps 플랫폼 백엔드 개발자 경력직(5년이상)  채용,(주)에이티지,경기성남시 분당구,경력5년↑,Java Linux Python 
https://www.saramin.co.kr/zf_user/jobs/relay/view?isMypage=no&rec_idx=48540148,DevOps Engineering,(주)페르소나에이아이,서울강남구,경력5년↑,웹개발 PHP 임베디드 챗봇 
https://www.saramin.co.kr/zf_user/jobs/relay/view?isMypage=no&rec_idx=48589212,다우기술 경력사원 대규모 인재영입,(주)다우기술,경기성남시 분당구,경력2년↑,AWS 인프라 Java 
https://www.saramin.co.kr/zf_user/jobs/relay/view?isMypage=no&rec_idx=48544176,2024년도 하반기 신입/경력사원 공개채용,(주)스탠스,서울노원구,신입·경력,인프라 Java 솔루션 
https://www.saramin.co.kr/zf_user/jobs/relay/view?isMypage=no&rec_idx=48076268,2024년 ㈜티시스아이티 부문별 경력사원 모집,주식회사 티시스 아이티,서울중구,경력,AWS 인프라 Java 
https://www.saramin.co.kr/zf_user/jobs/relay/view?isMypage=no&rec_idx=48585332,[SK㈜ C&C 자회사] 2024 경력/신입사원 채용,(주)애커튼테크놀로지서비스,경기성남시 분당구,신입·경력,AWS Java Linux 
https://www.saramin.co.kr/zf_user/jobs/relay/view?isMypage=no&rec_idx=48570949,[고영테크놀러지] 각 부문 경력 사원 모집,(주)고영테크놀러지,경기용인시 수지구,경력,Linux 솔루션 Python 
https://www.saramin.co.kr/zf_user/jobs/relay/view?isMypage=no&rec_idx=48598897,각 부문 경력사원 수시채용,(주)세경하이테크,경기수원시 권선구,경력,Java 네트워크 백엔드/서버개발 
https://www.saramin.co.kr/zf_user/jobs/relay/view?isMypage=no&rec_idx=48494926,[코스닥 상장사] 이에이트 신입 및 경력 채용,이에이트(주),서울송파구,신입·경력,AWS 인프라 Java 
https://www.saramin.co.kr/zf_user/jobs/relay/view?isMypage=no&rec_idx=48606797,아이스크림아트 부문별 - 신입/경력 채용 (프론트엔드/ 풀스텍/ 백엔드/ 웹개발/ 데브옵스엔지니어/ 미술교사),(주)아이스크림아트,서울강남구,신입·경력,AWS 인프라 Java 
https://www.saramin.co.kr/zf_user/jobs/relay/view?isMypage=no&rec_idx=47669139,차량SW · ICT · 경영지원 부문 채용,현대오토에버(주),서울강남구,경력,AWS 인프라 Java 
https://www.saramin.co.kr/zf_user/jobs/relay/view?isMypage=no&rec_idx=48103965,엔씨소프트 전 부문 수시 채용,(주)엔씨소프트,경기성남시 분당구,신입·경력,Python 백엔드/서버개발 게임개발 
https://www.saramin.co.kr/zf_user/jobs/relay/view?isMypage=no&rec_idx=48478996,현대오토에버 모빌리티 SW스쿨 1기 클래스메이트 모집,현대오토에버(주),서울금천구,신입,솔루션 보안컨설팅 앱개발 
https://www.saramin.co.kr/zf_user/jobs/relay/view?isMypage=no&rec_idx=48541298,부문별 신입/경력 사원 채용 모집(IT영업 매니저/유·무선 네트워크 엔지니어/보안 엔지니어),(주)위버시스템즈,서울서초구,신입·경력,AWS Linux 네트워크 
https://www.saramin.co.kr/zf_user/jobs/relay/view?isMypage=no&rec_idx=48395778,[앱개발] [2024/소타택코리아] 백엔드 개발자 채용,(주) 소타텍코리아,서울강남구,경력무관,Java 백엔드/서버개발 앱개발 
https://www.saramin.co.kr/zf_user/jobs/relay/view?isMypage=no&rec_idx=48601700,각 부문별 담당자 채용,(주)에이아이세스,경기성남시 수정구,신입·경력,AWS Java 솔루션 
https://www.saramin.co.kr/zf_user/jobs/relay/view?isMypage=no&rec_idx=48606449,[인공지능/데이터 분석] 개발자 채용,아타드(주),경기전체,경력 1~3년,AWS 인프라 Java 
https://www.saramin.co.kr/zf_user/jobs/relay/view?isMypage=no&rec_idx=48457136,IT 개발 및 유지보수 담당자 채용,(주)아진피앤피,대구달성군,경력무관,Linux Python 네트워크 
https://www.saramin.co.kr/zf_user/jobs/relay/view?isMypage=no&rec_idx=48598961,연계연구센터 개발자 인력 모집,메타빌드(주),서울서초구,경력무관,AWS 인프라 Python 
https://www.saramin.co.kr/zf_user/jobs/relay/view?isMypage=no&rec_idx=48576760,[제이시스메디칼] IT 담당자 채용,(주)제이시스메디칼,서울금천구,경력7년↑,인프라 솔루션 네트워크 
https://www.saramin.co.kr/zf_user/jobs/relay/view?isMypage=no&rec_idx=48489905,[kt그룹사] 오픈소스 기반 클라우드 신입 시스템 엔지니어 채용,(주)오픈클라우드랩,서울강남구,신입,인프라 네트워크 Docker 
https://www.saramin.co.kr/zf_user/jobs/relay/view?isMypage=no&rec_idx=48606440,"[VPN] 백엔드, 서버 개발자 채용",아타드(주),서울강남구,경력 1~5년,인프라 Java Linux 
https://www.saramin.co.kr/zf_user/jobs/relay/view?isMypage=no&rec_idx=48232097,2024년 (주)더캐리 IT인력(정보혁신부) 전 부문 공개채용,(주)더캐리,서울강남구,경력무관,솔루션 Python 백엔드/서버개발 
https://www.saramin.co.kr/zf_user/jobs/relay/view?isMypage=no&rec_idx=48602403,[LG CNS 자회사] IT 인프라 각 분야별 인재 채용,(주)비즈테크아이,서울마포구,경력 2~15년,인프라 Linux 솔루션 
https://www.saramin.co.kr/zf_user/jobs/relay/view?isMypage=no&rec_idx=48522353,2024 엔젤로보틱스 각 분야 채용 공고,(주)엔젤로보틱스,대전대덕구,신입·경력,백엔드/서버개발 유지보수 API 
https://www.saramin.co.kr/zf_user/jobs/relay/view?isMypage=no&rec_idx=48576273,각 부문별 신입 및 경력 사원 채용,(주)미래엔,서울서초구,경력,총무 비품관리 시설관리 자산관리 콘텐츠관리 
https://www.saramin.co.kr/zf_user/jobs/relay/view?isMypage=no&rec_idx=48606104,경영전략본부(인사/총무) 인재를 모집합니다.,컴즈(주),서울구로구,신입·경력,총무 비품관리 사내행사 사무보조 시설관리 
https://www.saramin.co.kr/zf_user/jobs/relay/view?isMypage=no&rec_idx=48589399,[커넥트웨이브] 플레이오토 각 부문별 수시채용(신입/경력),(주)커넥트웨이브,서울구로구,경력무관,인프라 Linux 솔루션 
https://www.saramin.co.kr/zf_user/jobs/relay/view?isMypage=no&rec_idx=48287460,[넛지헬스케어] 백엔드개발 채용전환형 인턴,넛지헬스케어(주),서울강남구,신입,Java 솔루션 Python 
https://www.saramin.co.kr/zf_user/jobs/relay/view?isMypage=no&rec_idx=48380570,[서비스개발팀] 카페24 플랫폼 및 비즈니스 솔루션 개발자 모집,카페24(주),서울동작구,경력3년↑,Java Linux 솔루션 
https://www.saramin.co.kr/zf_user/jobs/relay/view?isMypage=no&rec_idx=48457310,[티에이치케이컴퍼티] IT본부 IT개발팀 팀원 채용(JAVA/PHP),(주)티에이치케이컴퍼니,서울금천구,경력 3~15년,솔루션 백엔드/서버개발 앱개발 
https://www.saramin.co.kr/zf_user/jobs/relay/view?isMypage=no&rec_idx=48525757,지니언스(주) 2024년 하반기 공개 채용,지니언스(주),경기안양시 동안구,경력무관,AWS 인프라 Java 
https://www.saramin.co.kr/zf_user/jobs/relay/view?isMypage=no&rec_idx=48584409,파고다 JAVA 개발 경력자 모집,(주)파고다아카데미,서울서초구,경력무관,AWS Java Linux 
https://www.saramin.co.kr/zf_user/jobs/relay/view?isMypage=no&rec_idx=48537447,"[AWS, KT, Naver 클라우드 매니지드/ 기술운영/ TA, AA] 채용",(주)웰데이타시스템,서울강남구,경력무관,AWS 네트워크 백엔드/서버개발 
https://www.saramin.co.kr/zf_user/jobs/relay/view?isMypage=no&rec_idx=48595822,JAVA 개발자 채용,(주)소프트넷,서울강남구,경력 3~10년,Java 백엔드/서버개발 웹개발 
https://www.saramin.co.kr/zf_user/jobs/relay/view?isMypage=no&rec_idx=48442636,[AI 전문기업 덴컴] 인프라 및 보안 담당자 채용,(주)덴컴,서울강남구,경력5년↑,인프라 솔루션 Python 
https://www.saramin.co.kr/zf_user/jobs/relay/view?isMypage=no&rec_idx=48425753,[경력] (주)티벨 SW 테스터 대규모 채용,(주)티벨,서울강남구,경력 1~20년,웹마스터 QA/테스터 Windows 
https://www.saramin.co.kr/zf_user/jobs/relay/view?isMypage=no&rec_idx=48594172,SE Engineer (신입/경력) 모집합니다.,컴즈(주),서울강남구,신입·경력,네트워크 QA/테스터 SE(시스템엔지니어) 
https://www.saramin.co.kr/zf_user/jobs/relay/view?isMypage=no&rec_idx=48578730,IT 데브옵스 엔지니어 채용 공고,(주)비즈비,서울서초구,경력무관,AWS 인프라 Linux 
https://www.saramin.co.kr/zf_user/jobs/relay/view?isMypage=no&rec_idx=48574975,Cloud본부 java 개발자 채용 (경력),스트라토,서울서초구,경력6년↑,AWS Java Linux 
https://www.saramin.co.kr/zf_user/jobs/relay/view?isMypage=no&rec_idx=48294090,함께 성장하는 프론트엔드 개발자 인재를 모집합니다.,(주)핀노드,서울서초구,신입,웹개발 프론트엔드 SI개발 
https://www.saramin.co.kr/zf_user/jobs/relay/view?isMypage=no&rec_idx=48488444,[TADA] QA Engineer 채용,(주)이지식스,서울강남구,신입·경력,QA/테스터 블록체인 알고리즘 Windows 
https://www.saramin.co.kr/zf_user/jobs/relay/view?isMypage=no&rec_idx=48455277,IT 인프라 담당자,주식회사 인피니티 익스체인지 코리아,서울강남구,경력 3~15년,AWS 인프라 백엔드/서버개발 
https://www.saramin.co.kr/zf_user/jobs/relay/view?isMypage=no&rec_idx=48583472,Web Full Stack Developer (7~9년),디플래닉스(주),서울서초구,경력 7~9년,AWS 인프라 Java 
https://www.saramin.co.kr/zf_user/jobs/relay/view?isMypage=no&rec_idx=48439857,"[한화계열사] 백엔드 개발자 (경력, 4년이상)",(주)그로들,서울강남구,경력 4~10년,AWS 인프라 Java 
https://www.saramin.co.kr/zf_user/jobs/relay/view?isMypage=no&rec_idx=48465476,웹 개발,(주)케이엠에스테크놀로지,서울강남구,경력 3~6년,Linux 솔루션 Python 
https://www.saramin.co.kr/zf_user/jobs/relay/view?isMypage=no&rec_idx=48527177,생성형 AI 통합 콘텐츠제작 플랫폼 백엔드 경력/신입 개발자채용,(주)빅링크,서울강남구,신입·경력,Java Linux 백엔드/서버개발 
https://www.saramin.co.kr/zf_user/jobs/relay/view?isMypage=no&rec_idx=48577989,"공공 포털, 솔루션 개발 및 운영 (초급 개발자)",(주)테크에스지,서울구로구,경력무관,솔루션 SI개발 CSS 
https://www.saramin.co.kr/zf_user/jobs/relay/view?isMypage=no&rec_idx=48580354,Business Intelligence 서비스 구축 및 운영,(주)이랜드이노플,서울전체,경력 4~7년,솔루션 SE(시스템엔지니어) SAP 
https://www.saramin.co.kr/zf_user/jobs/relay/view?isMypage=no&rec_idx=48520810,그룹 가상화/배포(Jenkins)/백업/클라우드 시스템 운영인력 채용,삼양데이타시스템(주),서울종로구,경력무관,AWS 인프라 Linux 
https://www.saramin.co.kr/zf_user/jobs/relay/view?isMypage=no&rec_idx=48577629,[클라우드운영팀] L클라우드 매니지드 운영 경력사원 채용,롯데이노베이트(주),서울전체,경력 3~7년,Linux SE(시스템엔지니어) Windows 
https://www.saramin.co.kr/zf_user/jobs/relay/view?isMypage=no&rec_idx=48576127,카드IS팀 롯데카드 인사시스템 운영 경력사원 채용,롯데이노베이트(주),서울종로구,경력 2~3년,Java 웹개발 DBA 
https://www.saramin.co.kr/zf_user/jobs/relay/view?isMypage=no&rec_idx=48576096,카드IS팀 롯데카드 CMS 시스템 운영 경력사원 채용,롯데이노베이트(주),서울종로구,경력 2~3년,Java 웹개발 DBA 
https://www.saramin.co.kr/zf_user/jobs/relay/view?isMypage=no&rec_idx=48584370,[LEM IS담당] ERP 시스템 운영 경력사원 채용,롯데이노베이트(주),서울서초구,경력 3~7년,SE(시스템엔지니어) SAP 유지보수 
https://www.saramin.co.kr/zf_user/jobs/relay/view?isMypage=no&rec_idx=48451514,"시스템 엔지니어 (PM, SE, SM)",(주)넥서스커뮤니티,서울전체,신입·경력,Linux 솔루션 네트워크 
https://www.saramin.co.kr/zf_user/jobs/relay/view?isMypage=no&rec_idx=48480961,[Manpower] IT 전 직종 인력모집 공고문,(주)맨파워그룹코리아,서울강남구,경력무관,인프라 솔루션 네트워크 
https://www.saramin.co.kr/zf_user/jobs/relay/view?isMypage=no&rec_idx=48609988,"시스템 엔지니어 (PM, SE, SM)",(주)넥서스커뮤니티,서울전체,신입·경력,Linux 솔루션 네트워크 
https://www.saramin.co.kr/zf_user/jobs/relay/view?isMypage=no&rec_idx=48467374,(주)솔리드이엔지 Cloud - 클라우드 기술 신입 및 경력 모집,(주)솔리드이엔지,대전유성구,경력무관,AWS 인프라 Java 
https://www.saramin.co.kr/zf_user/jobs/relay/view?isMypage=no&rec_idx=48562169,[코스닥상장사] 클라우드 시스템 엔지니어 채용,알서포트(주),서울강동구,경력3년↑,AWS 인프라 Linux 
https://www.saramin.co.kr/zf_user/jobs/relay/view?isMypage=no&rec_idx=48594161,[대기업IT계열사] CTO - 정규직,(주)키스템프그룹,서울강남구,경력15년↑,인프라 Java 백엔드/서버개발 
https://www.saramin.co.kr/zf_user/jobs/relay/view?isMypage=no&rec_idx=48595598,증권 매매시스템 서버 개발,(주)다우기술,서울마포구,경력 3~12년,Linux 네트워크 DBA 
https://www.saramin.co.kr/zf_user/jobs/relay/view?isMypage=no&rec_idx=48427277,부산 개발팀 각 부문별 채용 (계약직),주식회사 대륜,부산해운대구,경력무관,Java 백엔드/서버개발 데이터분석가 
https://www.saramin.co.kr/zf_user/jobs/relay/view?isMypage=no&rec_idx=48426760,서울 개발팀 각 부문별 채용 (계약직),주식회사 대륜,서울영등포구,경력무관,Java 백엔드/서버개발 데이터분석가 
https://www.saramin.co.kr/zf_user/jobs/relay/view?isMypage=no&rec_idx=48480317,[웨이즈원(주)] 웹기반 LDM Twin 시스템 개발 직무 채용,웨이즈원(주),경기성남시 분당구,신입·경력,Python 백엔드/서버개발 데이터분석가 
https://www.saramin.co.kr/zf_user/jobs/relay/view?isMypage=no&rec_idx=48586263,JAVA 백엔드 개발자 (팀장급) 채용,(주)콜론디,서울강남구,경력 7~20년,AWS 인프라 Java 
https://www.saramin.co.kr/zf_user/jobs/relay/view?isMypage=no&rec_idx=48606425,시스템 엔지니어(SE) 신입/경력 채용,(주)아이페이지온,서울강남구,신입·경력,Linux 네트워크 기술지원 
https://www.saramin.co.kr/zf_user/jobs/relay/view?isMypage=no&rec_idx=47700084,[재무/급여] 운영 및 유지보수,(주)한국비즈넷,서울전체,경력 4~10년,인프라 Java 웹개발 
https://www.saramin.co.kr/zf_user/jobs/relay/view?isMypage=no&rec_idx=48243526,클라우드 SA 신입/경력사원 영입,디딤365(주),서울구로구,신입·경력,AWS 인프라 솔루션 
https://www.saramin.co.kr/zf_user/jobs/relay/view?isMypage=no&rec_idx=48545185,시스템 엔지니어 및 마케터 채용,(주)아이엔티매니지먼트,서울마포구,경력2년↑,Java Linux 네트워크 
https://www.saramin.co.kr/zf_user/jobs/relay/view?isMypage=no&rec_idx=48243092,Spring framework 개발자 모집,(주)엣데이터,경기성남시 분당구,신입·경력,AWS Java Linux 
https://www.saramin.co.kr/zf_user/jobs/relay/view?isMypage=no&rec_idx=48575931,"[금융SI] 스마트뱅킹(Java, JSP) 개발자를 모십니다.",(주)누리어시스템,경기하남시,경력6년↑,솔루션 Python 백엔드/서버개발 
https://www.saramin.co.kr/zf_user/jobs/relay/view?isMypage=no&rec_idx=48600426,"[금융SI] Java, JSP 웹 개발자를 모십니다.",(주)누리어시스템,경기하남시,경력3년↑,솔루션 Python 백엔드/서버개발 
https://www.saramin.co.kr/zf_user/jobs/relay/view?isMypage=no&rec_idx=48560985,히어로웍스 개발팀 F/E 팀원모집,(주)히어로웍스,부산해운대구,경력무관,Linux Python 프론트엔드 
https://www.saramin.co.kr/zf_user/jobs/relay/view?isMypage=no&rec_idx=48515937,[병역특례 보충역] 패션 스타트업 Node js 백엔드 개발자 팀원,(주)페칭,서울서초구,경력무관,AWS 인프라 Linux 
https://www.saramin.co.kr/zf_user/jobs/relay/view?isMypage=no&rec_idx=48434027,웹 어플리케이션 신입 개발자를 모집합니다.,(주)핀인사이트,서울영등포구,신입,솔루션 백엔드/서버개발 프론트엔드 
https://www.saramin.co.kr/zf_user/jobs/relay/view?isMypage=no&rec_idx=48403141,슈잉과 함께 할 개발자 팀원모집,슈잉주식회사(ShuiiingInc.),부산부산진구,경력,백엔드/서버개발 앱개발 웹개발 
https://www.saramin.co.kr/zf_user/jobs/relay/view?isMypage=no&rec_idx=48507607,경력 및 신입 백엔드 개발자 모집,쓰리알이노베이션(주),서울서초구,경력무관,AWS 인프라 Java 
https://www.saramin.co.kr/zf_user/jobs/relay/view?isMypage=no&rec_idx=48286694,[재택근무] REACT · PHP · PYTHON 개발자 채용,행복쇼핑(주),서울양천구,경력3년↑,솔루션 Python 백엔드/서버개발 
https://www.saramin.co.kr/zf_user/jobs/relay/view?isMypage=no&rec_idx=48510780,Solution Engineer 경력 채용,(주)클럼엘,서울강남구,경력 2~7년,솔루션 네트워크 기술지원 
https://www.saramin.co.kr/zf_user/jobs/relay/view?isMypage=no&rec_idx=48480356,[네오아리아] 개발자(Frontend/Backend) 신규 및 경력 채용,주식회사 네오아리아,강원원주시,경력무관,Python 웹개발 Ajax 
https://www.saramin.co.kr/zf_user/jobs/relay/view?isMypage=no&rec_idx=48520468,온/오프라인 교육 콘텐츠 기획 및 서비스,씨제이올리브네트웍스(주),서울용산구,경력 3~8년,교육기획 교육컨텐츠개발 교육컨텐츠기획 온라인교육 기획 
https://www.saramin.co.kr/zf_user/jobs/relay/view?isMypage=no&rec_idx=48577446,[국내메이플] 웹 애플리케이션 엔지니어,(주)넥슨코리아,경기성남시 분당구,경력 5~10년,웹개발 S/W 기술엔지니어 API 
https://www.saramin.co.kr/zf_user/jobs/relay/view?isMypage=no&rec_idx=48546029,MSA 기반 Application Architect,씨제이올리브네트웍스(주),서울전체,경력 7~12년,AWS 인프라 Java 
https://www.saramin.co.kr/zf_user/jobs/relay/view?isMypage=no&rec_idx=48406141,[지멘스 헬시니어스] Software Engineer (PSD),지멘스헬시니어스(주),경기성남시 분당구,경력무관,S/W 의료기기연구 Windows 
https://www.saramin.co.kr/zf_user/jobs/relay/view?isMypage=no&rec_idx=48545696,Healthcare BU HC플랫폼개발팀 Backend개발파트 채용,삼양식품(주),서울성북구,경력 5~10년,AWS Python 백엔드/서버개발 
https://www.saramin.co.kr/zf_user/jobs/relay/view?isMypage=no&rec_idx=48448176,교육플랫폼 Application 분석/설계/개발 경력 채용 (정규직),(주)멀티캠퍼스,서울강남구,경력 5~9년,AWS Java 솔루션 
https://www.saramin.co.kr/zf_user/jobs/relay/view?isMypage=no&rec_idx=48462865,[슈어소프트테크] 기술지원 업무 담당 채용,슈어소프트테크(주),경기성남시 수정구,신입,솔루션 기술지원 유지보수 
https://www.saramin.co.kr/zf_user/jobs/relay/view?isMypage=no&rec_idx=48452960,모바일 개발자 채용(II),(주)휴먼플러스,서울중구,경력5년↑,앱개발 웹개발 프론트엔드 
https://www.saramin.co.kr/zf_user/jobs/relay/view?isMypage=no&rec_idx=48296954,[kt cloud] 2024년 IT분야 경력직 상시DB,(주)케이티클라우드,서울강남구,경력5년↑,AWS 인프라 Java 
https://www.saramin.co.kr/zf_user/jobs/relay/view?isMypage=no&rec_idx=48304858,[매니지드서비스팀] 호스팅 시스템 엔지니어 모집,카페24(주),서울동작구,경력1년↑,인프라 Linux 솔루션 
https://www.saramin.co.kr/zf_user/jobs/relay/view?isMypage=no&rec_idx=48415786,AWS Managed Service (Enterprise Cloud Engineer) 채용,메가존클라우드(주),서울강남구,경력무관,AWS 인프라 Java 
https://www.saramin.co.kr/zf_user/jobs/relay/view?isMypage=no&rec_idx=48451792,[SK계열사] 웹 프론트엔드 개발자 채용,파킹클라우드(주),서울전체,경력 6~10년,인프라 Java 솔루션 
https://www.saramin.co.kr/zf_user/jobs/relay/view?isMypage=no&rec_idx=48600599,ETL 개발 및 운영(Data Engineer) 담당자 영입,베스핀글로벌(주),서울서초구,경력 5~10년,AWS Linux Python 
https://www.saramin.co.kr/zf_user/jobs/relay/view?isMypage=no&rec_idx=48425483,[정규직/유명 교육출판업/점유율1위] CTO(본부장급) 채용,(주)사람인에이치에스,서울금천구,경력20년↑,AWS 솔루션 백엔드/서버개발 
https://www.saramin.co.kr/zf_user/jobs/relay/view?isMypage=no&rec_idx=48470951,보안솔루션(DRM) 구축 프로젝트 PM/PL 채용 (신입/경력).,소프트캠프(주),경기성남시 분당구,신입·경력,AWS Java Linux 
https://www.saramin.co.kr/zf_user/jobs/relay/view?isMypage=no&rec_idx=48567941,[부산/경력 3년 이상] 테크팀 - 서버 프로그래머,트리노드 주식회사,부산해운대구,경력3년↑,AWS 인프라 Python 
https://www.saramin.co.kr/zf_user/jobs/relay/view?isMypage=no&rec_idx=48440689,AI Platform 개발자,(주)씨메스,서울강남구,신입·경력,데이터분석가 웹개발 SE(시스템엔지니어) 
https://www.saramin.co.kr/zf_user/jobs/relay/view?isMypage=no&rec_idx=48522427,[KMCP] 프론트엔드/백엔드/풀스택 개발자 모집,케이엠씨피(주),부산기장군,경력3년↑,AWS 백엔드/서버개발 앱개발 
https://www.saramin.co.kr/zf_user/jobs/relay/view?isMypage=no&rec_idx=48516567,2024년 프로그래머 (JAVA/JSP/Front DEV) 정규직 채용 공고,(주)아이웍스인터렉티브,서울강남구,경력3년↑,백엔드/서버개발 웹개발 SI개발 
https://www.saramin.co.kr/zf_user/jobs/relay/view?isMypage=no&rec_idx=48532600,AWS 클라우드 엔지니어 채용공고,(주)오상테크놀로지,서울구로구,경력1년↑,AWS 인프라 Java 
https://www.saramin.co.kr/zf_user/jobs/relay/view?isMypage=no&rec_idx=48488081,[디코드] 백엔드 엔지니어 채용,(주)엔코드,서울강남구,경력 3~10년,AWS 인프라 Java 
https://www.saramin.co.kr/zf_user/jobs/relay/view?isMypage=no&rec_idx=48521185,[퍼블릭에이아이] 소프트웨어 개발자,(주)퍼블릭에이아이,서울서초구,경력무관,AI(인공지능) 딥러닝 머신러닝 
https://www.saramin.co.kr/zf_user/jobs/relay/view?isMypage=no&rec_idx=48528854,서버 백엔드 개발자,(주)오래,부산전체,경력 3~10년,솔루션 백엔드/서버개발 웹개발 
https://www.saramin.co.kr/zf_user/jobs/relay/view?isMypage=no&rec_idx=48573208,[베스핀글로벌 관계사] Service Platform 개발 영입,베스핀글로벌(주),경기성남시 분당구,경력 1~3년,AWS Java 솔루션 
https://www.saramin.co.kr/zf_user/jobs/relay/view?isMypage=no&rec_idx=48568932,Fullstack 개발자 채용,(주)메타넷티플랫폼,서울종로구,경력 5~20년,AWS 인프라 백엔드/서버개발 
https://www.saramin.co.kr/zf_user/jobs/relay/view?isMypage=no&rec_idx=48568935,Frontend 개발자 채용,(주)메타넷티플랫폼,서울종로구,경력 5~20년,AWS 인프라 백엔드/서버개발 
https://www.saramin.co.kr/zf_user/jobs/relay/view?isMypage=no&rec_idx=48244376,(주)티벨 테스트 자동화 개발 및 관리 팀장 채용,(주)티벨,서울강남구,경력 5~15년,Python QA/테스터 S/W 
https://www.saramin.co.kr/zf_user/jobs/relay/view?isMypage=no&rec_idx=48540106,S/W QA & Test Engineer  신입/경력 모집 (수원/화성/오산/평택),컴즈(주),경기용인시 기흥구,경력무관,QA/테스터 API S/W C++ 
https://www.saramin.co.kr/zf_user/jobs/relay/view?isMypage=no&rec_idx=48562130,[구구스/중고명품 플랫폼] 데브옵스 엔지니어 채용,㈜구구스,서울강남구,경력,AWS 인프라 Java 
https://www.saramin.co.kr/zf_user/jobs/relay/view?isMypage=no&rec_idx=48578079,"S/W QA & Test Engineer (신입, 영어 능숙자) 채용의 件",컴즈(주),서울강서구,신입,Java Linux Python 
https://www.saramin.co.kr/zf_user/jobs/relay/view?isMypage=no&rec_idx=48263061,Junior Backend Engineer · AI Platform,(주)루닛,서울강남구,경력 1~3년,Linux Python 백엔드/서버개발 
https://www.saramin.co.kr/zf_user/jobs/relay/view?isMypage=no&rec_idx=48187621,Junior Software QA Engineer · Lunit INSIGHT,(주)루닛,서울강남구,경력 1~5년,Linux 솔루션 Python 
https://www.saramin.co.kr/zf_user/jobs/relay/view?isMypage=no&rec_idx=48590217,[Lunit] IT Specialist,(주)루닛,서울강남구,경력 3~5년,네트워크 IT컨설팅 딥러닝 
https://www.saramin.co.kr/zf_user/jobs/relay/view?isMypage=no&rec_idx=48578888,[㈜딥엑스][AI반도체] Software Engineer 상시모집(9개 포지션),(주)딥엑스,경기성남시 분당구,경력5년↑,Python 딥러닝 머신러닝 
https://www.saramin.co.kr/zf_user/jobs/relay/view?isMypage=no&rec_idx=48566690,[로봇앤컴주식회사] 백엔드 개발자 추가 채용,로봇앤컴(주),서울광진구,경력 2~5년,AWS 인프라 솔루션 
https://www.saramin.co.kr/zf_user/jobs/relay/view?isMypage=no&rec_idx=48244849,"[케어닥] UI,UX 기획자(3년) / FE(5년) / BE (5년)",(주)케어닥,서울강남구,경력10년↓,AWS Java 솔루션 
https://www.saramin.co.kr/zf_user/jobs/relay/view?isMypage=no&rec_idx=48370030,JAVA 웹 개발자 모집,엠비아이솔루션(주),서울마포구,경력 6~12년,AWS 인프라 Java 
https://www.saramin.co.kr/zf_user/jobs/relay/view?isMypage=no&rec_idx=48589191,골드브릿지 하반기 경력 개발자 채용공고(PM/PL),(주)골드브릿지,부산부산진구,경력7년↑,Linux 네트워크 앱개발 
https://www.saramin.co.kr/zf_user/jobs/relay/view?isMypage=no&rec_idx=48609973,[3년 이상] Backend Engineer,(주)큐픽스,경기전체,경력 3~10년,AWS 인프라 Java 
https://www.saramin.co.kr/zf_user/jobs/relay/view?isMypage=no&rec_idx=48590816,일만백만 웹 프론트엔드 채용공고(서울),(주)일만백만,서울강남구,경력2년↑,프론트엔드 CSS HTML Javascript 
https://www.saramin.co.kr/zf_user/jobs/relay/view?isMypage=no&rec_idx=48590585,일만백만 웹 프론트엔드 리드  채용공고(서울),(주)일만백만,서울강남구,경력5년↑,프론트엔드 CSS HTML Javascript 
https://www.saramin.co.kr/zf_user/jobs/relay/view?isMypage=no&rec_idx=48517736,[AI/클라우드]  UI / UX 디자이너 경력 채용,(주)에이프리카,서울성동구,경력 1~8년,솔루션 퍼블리셔 웹표준·웹접근성 
https://www.saramin.co.kr/zf_user/jobs/relay/view?isMypage=no&rec_idx=48568259,[Blockchain] Frontend Engineer,(주)이지식스,서울강남구,경력 1~8년,웹개발 퍼블리셔 프론트엔드 
https://www.saramin.co.kr/zf_user/jobs/relay/view?isMypage=no&rec_idx=48568262,[TADA] iOS Engineer (Intermediate),(주)이지식스,서울강남구,경력 3~10년,앱개발 iOS Objective-C 
https://www.saramin.co.kr/zf_user/jobs/relay/view?isMypage=no&rec_idx=48568266,[Blockchain] Backend Engineer,(주)이지식스,서울강남구,경력 1~8년,웹개발 프론트엔드 ECMAScript 
https://www.saramin.co.kr/zf_user/jobs/relay/view?isMypage=no&rec_idx=48593298,[TmaxGaia] Gaia 연구원,(주)티맥스오피스,경기성남시 분당구,경력무관,Linux 솔루션 앱개발 
https://www.saramin.co.kr/zf_user/jobs/relay/view?isMypage=no&rec_idx=48418405,지역별 SI/SM 프로젝트 안내,(주)가치정보기술,서울강남구,경력,인프라 Java 솔루션 
https://www.saramin.co.kr/zf_user/jobs/relay/view?isMypage=no&rec_idx=48469719,솔루션 개발 경력자 채용,(주)투씨드,서울전체,경력 3~15년,AWS 인프라 Java 
https://www.saramin.co.kr/zf_user/jobs/relay/view?isMypage=no&rec_idx=48416080,QA 엔지니어 경력 채용,(주)클럼엘,서울강남구,경력 4~10년,Linux 솔루션 Python 
https://www.saramin.co.kr/zf_user/jobs/relay/view?isMypage=no&rec_idx=48418029,AWS Associate 레벨이상 AWS 자격증 소지자,(주)블루넥스,서울강남구,신입·경력,AWS 인프라 솔루션 
https://www.saramin.co.kr/zf_user/jobs/relay/view?isMypage=no&rec_idx=48538179,개발기획 전문가,오픈헬스케어(주),서울성동구,경력 7~10년,인프라 Java Python 
https://www.saramin.co.kr/zf_user/jobs/relay/view?isMypage=no&rec_idx=48215834,[평택] LG전자 스마트TV 테스터 모집,(주)티체크,경기평택시,경력무관,QA/테스터 S/W 소프트웨어개발 
https://www.saramin.co.kr/zf_user/jobs/relay/view?isMypage=no&rec_idx=48409746,[㈜SK C&C 자회사] ATS 사내IT 시스템 운영 전문가 영입,(주)애커튼테크놀로지서비스,경기성남시 분당구,경력3년↑,Python 백엔드/서버개발 유지보수 
https://www.saramin.co.kr/zf_user/jobs/relay/view?isMypage=no&rec_idx=48573062,[수출 마케팅 관리 솔루션]  백엔드 개발자 모집,(주)셀디코리아,서울전체,경력 2~8년,Java 솔루션 Python 
https://www.saramin.co.kr/zf_user/jobs/relay/view?isMypage=no&rec_idx=48546131,최적화 Technical Architect,씨제이올리브네트웍스(주),서울전체,경력 9~14년,AWS 인프라 Java 
https://www.saramin.co.kr/zf_user/jobs/relay/view?isMypage=no&rec_idx=48288084,.NET 응용 소프트웨어 개발자 채용 (신입/경력),(주)미래로시스템,경기용인시 기흥구,경력무관,백엔드/서버개발 프론트엔드 RDBMS 
https://www.saramin.co.kr/zf_user/jobs/relay/view?isMypage=no&rec_idx=48555456,[보안운영팀] CERT분석 경력사원 채용,롯데이노베이트(주),서울전체,경력 2~3년,솔루션 SE(시스템엔지니어) 소프트웨어개발 
https://www.saramin.co.kr/zf_user/jobs/relay/view?isMypage=no&rec_idx=48432249,사내시스템 유지관리(MES/SCM/QMS),모트렉스(주),경기전체,경력 3~6년,Java 기술지원 웹개발 
https://www.saramin.co.kr/zf_user/jobs/relay/view?isMypage=no&rec_idx=48363103,(주)한진 플랫폼시스템 구축/운영 경력직 채용,(주)한진,서울중구,경력3년↑,AWS Java 기술지원 
https://www.saramin.co.kr/zf_user/jobs/relay/view?isMypage=no&rec_idx=48526040,클라우드 엔지니어 경력직 채용,(주)가비아,경기성남시 분당구,경력2년↑,Linux Python 네트워크 
https://www.saramin.co.kr/zf_user/jobs/relay/view?isMypage=no&rec_idx=48575560,클라우드엔지니어 - AWS 서비스 운영,(주)빗썸코리아,서울강남구,경력 5~10년,AWS 인프라 솔루션 
https://www.saramin.co.kr/zf_user/jobs/relay/view?isMypage=no&rec_idx=48575645,SRE엔지니어,(주)빗썸코리아,서울강남구,경력 1~10년,인프라 Java 웹개발 
https://www.saramin.co.kr/zf_user/jobs/relay/view?isMypage=no&rec_idx=48578306,[중구] 미국 유명 IT 기업 MS Azure 엔지니어,(주)맨파워그룹코리아,서울중구,경력,인프라 솔루션 네트워크 
https://www.saramin.co.kr/zf_user/jobs/relay/view?isMypage=no&rec_idx=46240178,[ESTsoft] 사내 IT 인프라 시스템 엔지니어 (경력),(주)이스트소프트,서울서초구,경력 10~15년,솔루션 네트워크 기술지원 
https://www.saramin.co.kr/zf_user/jobs/relay/view?isMypage=no&rec_idx=48415314,[신입/경력] AI Developer 팀원 채용,(주)알에스엔,경기고양시 일산서구,경력무관,네트워크 백엔드/서버개발 웹개발 
https://www.saramin.co.kr/zf_user/jobs/relay/view?isMypage=no&rec_idx=46565262,[ESTsoft] IT인프라 엔지니어 (경력),(주)이스트소프트,서울서초구,경력 5~10년,인프라 Linux Python 
https://www.saramin.co.kr/zf_user/jobs/relay/view?isMypage=no&rec_idx=48369538,(주)솔리드이엔지  - 클라우드영업 및 영업지원 신입 및 경력,(주)솔리드이엔지,대전유성구,경력무관,AWS 인프라 Java 
https://www.saramin.co.kr/zf_user/jobs/relay/view?isMypage=no&rec_idx=48415927,IT 담당자 채용,(주)아나패스,서울구로구,경력 10~15년,Linux Python 네트워크 
https://www.saramin.co.kr/zf_user/jobs/relay/view?isMypage=no&rec_idx=48466110,자율주행 서버 네트워크 엔지니어,(주)에이스웍스코리아,서울강남구,신입·경력,Linux 솔루션 네트워크 
https://www.saramin.co.kr/zf_user/jobs/relay/view?isMypage=no&rec_idx=48496407,[네이버계열社] 공공 클라우드 임차사업 PM(SaaS/IaaS/PaaS),(주)키스템프그룹,서울강남구,경력8년↑,AWS 인프라 솔루션 
https://www.saramin.co.kr/zf_user/jobs/relay/view?isMypage=no&rec_idx=48527644,웹개발팀 시스템관리자,와우프레스(주),대구전체,경력 5~10년,인프라 Java 네트워크 
https://www.saramin.co.kr/zf_user/jobs/relay/view?isMypage=no&rec_idx=48566501,IT Infra  System  기술 지원  경력 채용,(주)제이엔테크놀러지,경기화성시,경력3년↑,AWS Java 솔루션 
https://www.saramin.co.kr/zf_user/jobs/relay/view?isMypage=no&rec_idx=48499400,보안로직 IP 개발 엔지니어,(주)라닉스,서울강남구,경력 1~10년,솔루션 SE(시스템엔지니어) FPGA 
https://www.saramin.co.kr/zf_user/jobs/relay/view?isMypage=no&rec_idx=48509501,[NHN Injeinc] Cloud Platform 개발자 모집,엔에이치엔인재아이엔씨(주),서울구로구,경력3년↑,Java 솔루션 백엔드/서버개발 
https://www.saramin.co.kr/zf_user/jobs/relay/view?isMypage=no&rec_idx=48499473,아날로그 칩 설계 엔지니어,(주)라닉스,서울강남구,신입·경력,솔루션 SE(시스템엔지니어) FPGA 
https://www.saramin.co.kr/zf_user/jobs/relay/view?isMypage=no&rec_idx=48532339,"[신규 SI 프로젝트/LG그룹] TA, AA, SWA, NA 경력직",(주)유호스트,서울마포구,경력무관,AWS 인프라 Linux 
https://www.saramin.co.kr/zf_user/jobs/relay/view?isMypage=no&rec_idx=48389951,시스템 관리자 경력 채용,(주)씨유박스,서울강남구,경력 1~10년,AWS 인프라 Java 
https://www.saramin.co.kr/zf_user/jobs/relay/view?isMypage=no&rec_idx=48256896,ITEASY 플랫폼관리팀 신입/경력 채용,(주)아이티이지,서울서초구,경력무관,인프라 Linux Python 
https://www.saramin.co.kr/zf_user/jobs/relay/view?isMypage=no&rec_idx=48272667,"Azure (SA, Data Engineer) 채용",메가존클라우드(주),서울강남구,경력무관,AWS 인프라 Linux 
https://www.saramin.co.kr/zf_user/jobs/relay/view?isMypage=no&rec_idx=48387786,ITEASY 시스템 개발팀 클라우드 개발자 채용,(주)아이티이지,서울서초구,경력무관,인프라 Linux Python 
https://www.saramin.co.kr/zf_user/jobs/relay/view?isMypage=no&rec_idx=48532117,재가 요양관련 플랫폼 개발자 채용,(주)티에이치케이컴퍼니,서울금천구,경력 3~12년,솔루션 웹개발 유지보수 
https://www.saramin.co.kr/zf_user/jobs/relay/view?isMypage=no&rec_idx=48553621,﻿음향/신호처리 엔지니어(Acoustic Signal Processing Engineer),(주)에스엠인스트루먼트,대전유성구,경력5년↑,Python 데이터분석가 데이터엔지니어 
https://www.saramin.co.kr/zf_user/jobs/relay/view?isMypage=no&rec_idx=48482228,AWS클라우드 SA,(주)웅진,서울중구,경력 3~13년,AWS 인프라 백엔드/서버개발 
https://www.saramin.co.kr/zf_user/jobs/relay/view?isMypage=no&rec_idx=48465713,(주)스카이오토넷 - 자율주행사업부 HW회로설계 개발자 (경력),(주)스카이오토넷,서울서초구,경력1년↑,머신러닝 영상처리 임베디드 
https://www.saramin.co.kr/zf_user/jobs/relay/view?isMypage=no&rec_idx=48496084,[정규직/코스닥상장/연봉상향] 반도체 검사장비 SW개발 채용,(주)사람인에이치에스,서울금천구,경력5년↑,기술지원 유지보수 DBA 
https://www.saramin.co.kr/zf_user/jobs/relay/view?isMypage=no&rec_idx=48534059,웹 시스템 설계,(주)웅진,서울중구,경력 10~20년,Java 솔루션 백엔드/서버개발 
https://www.saramin.co.kr/zf_user/jobs/relay/view?isMypage=no&rec_idx=48560342,Microsoft Power Platform 엔지니어,(주)웅진,서울중구,경력 4~15년,인프라 Java Python 
https://www.saramin.co.kr/zf_user/jobs/relay/view?isMypage=no&rec_idx=48611813,"[대전] 엔지니어(서버, 스토리지, 보안솔루션, 가상화)",(주)테크아이,대전서구,경력무관,솔루션 정보보안 SE(시스템엔지니어) 
https://www.saramin.co.kr/zf_user/jobs/relay/view?isMypage=no&rec_idx=48499092,[티맵모빌리티] Client Engineer,티맵모빌리티(주),서울중구,경력4년↑,백엔드/서버개발 기술지원 데이터분석가 
https://www.saramin.co.kr/zf_user/jobs/relay/view?isMypage=no&rec_idx=48526067,[티맵모빌리티] 광고 플랫폼 개발 (BE),티맵모빌리티(주),서울중구,경력5년↑,Java Python 백엔드/서버개발 
https://www.saramin.co.kr/zf_user/jobs/relay/view?isMypage=no&rec_idx=48613344,[티맵모빌리티] Frontend Engineer - 로컬서비스,티맵모빌리티(주),서울중구,경력5년↑,기술지원 데이터분석가 데이터엔지니어 
https://www.saramin.co.kr/zf_user/jobs/relay/view?isMypage=no&rec_idx=48495125,서울 구로사무실 웹&앱 개발자 모집,(주)스마트마켓서비스,서울구로구,경력2년↑,솔루션 백엔드/서버개발 앱개발 
https://www.saramin.co.kr/zf_user/jobs/relay/view?isMypage=no&rec_idx=48550015,개발실 클라우드 개발 / 웹개발 / 응용개발 직원 모집,가온플랫폼(주),대전유성구,경력3년↑,AWS 인프라 Java 
https://www.saramin.co.kr/zf_user/jobs/relay/view?isMypage=no&rec_idx=48338639,[아이투맥스] 세일즈포스(SFMC) 개발자로 성장하실 인재 채용,(주)아이투맥스,서울마포구,경력 5~10년,Java 솔루션 백엔드/서버개발 
https://www.saramin.co.kr/zf_user/jobs/relay/view?isMypage=no&rec_idx=48523715,[SAP] SCM Manager,(주)쏘카,서울성동구,경력 4~15년,SE(시스템엔지니어) SAP ABAP 
https://www.saramin.co.kr/zf_user/jobs/relay/view?isMypage=no&rec_idx=48567496,시스템 엔지니어(인프라) 모집,케이아이티밸리(주),서울전체,경력 2~10년,Linux 기술지원 SE(시스템엔지니어) 
https://www.saramin.co.kr/zf_user/jobs/relay/view?isMypage=no&rec_idx=48595810,시스템 엔지니어 채용,(주)소프트넷,서울강남구,경력 3~15년,인프라 SE(시스템엔지니어) Windows 
https://www.saramin.co.kr/zf_user/jobs/relay/view?isMypage=no&rec_idx=48364696,오픈소스 엔지니어 모집(리눅스),그로윈(주),서울강남구,경력무관,인프라 Linux 유지보수 
https://www.saramin.co.kr/zf_user/jobs/relay/view?isMypage=no&rec_idx=48469572,[모빌리티 분야] Project Manager (PM) for Automotive OS,(주)카플,경기성남시,경력 3~15년,앱개발 웹개발 웹마스터 QA/테스터 
https://www.saramin.co.kr/zf_user/jobs/relay/view?isMypage=no&rec_idx=48578895,[㈜딥엑스][AI반도체] 엔지니어 전문연구요원 상시모집,(주)딥엑스,경기성남시 분당구,신입,Python 딥러닝 머신러닝 
https://www.saramin.co.kr/zf_user/jobs/relay/view?isMypage=no&rec_idx=48364320,[캐치테이블] Full Stack Developer (Admin) 계약직 1년,(주)와드,경기성남시 분당구,경력무관,AWS 인프라 Java 
https://www.saramin.co.kr/zf_user/jobs/relay/view?isMypage=no&rec_idx=48500821,Backend/Server Developer (Cloud Messaging Service) (근무조건 협의 가능),(주)휴머스온,서울강남구,경력 1~12년,AWS 인프라 Java 
https://www.saramin.co.kr/zf_user/jobs/relay/view?isMypage=no&rec_idx=48489857,[kt그룹사] 경력 채용 오픈소스 기반 클라우드 시스템 엔지니어,(주)오픈클라우드랩,서울강남구,경력5년↑,인프라 Linux 네트워크 
https://www.saramin.co.kr/zf_user/jobs/relay/view?isMypage=no&rec_idx=48592432,개발자 C# 정규직/계약직 모집 공고,(주)디세이코리아,경기용인시 수지구,경력무관,데이터분석가 데이터엔지니어 웹개발 
https://www.saramin.co.kr/zf_user/jobs/relay/view?isMypage=no&rec_idx=48499019,Security Engineer,토스페이먼츠(주),서울강남구,경력3년↑,AWS 인프라 보안컨설팅 
https://www.saramin.co.kr/zf_user/jobs/relay/view?isMypage=no&rec_idx=48541105,[클라우드 인프라] 해피포인트 및 해피오더,(주)섹타나인 도곡지점,서울강남구,경력 3~10년,AWS 인프라 네트워크 
https://www.saramin.co.kr/zf_user/jobs/relay/view?isMypage=no&rec_idx=48542097,SoC DFT Design 엔지니어,(주)보스반도체,경기전체,경력 3~20년,SE(시스템엔지니어) 펌웨어 펌웨어 
https://www.saramin.co.kr/zf_user/jobs/relay/view?isMypage=no&rec_idx=48567893,웹서비스 프론트엔드/백엔드 경력 개발자 채용,(주)넥스트나우,서울금천구,경력6년↑,Java Python 백엔드/서버개발 
https://www.saramin.co.kr/zf_user/jobs/relay/view?isMypage=no&rec_idx=48436551,해외 프로젝트 매니저(PM) 인재 모집,(주)데이터메이커,대전유성구,경력무관,데이터라벨링 머신러닝 AI(인공지능) 상품기획 
https://www.saramin.co.kr/zf_user/jobs/relay/view?isMypage=no&rec_idx=48379363,IT 서비스 지원 인력 (신입/경력) 모집,(주)지오비전,강원춘천시,경력무관,Linux 네트워크 기술지원 
https://www.saramin.co.kr/zf_user/jobs/relay/view?isMypage=no&rec_idx=48443951,Private Cloud 엔지니어,(주)오픈소스컨설팅,서울강남구,경력 3~15년,인프라 Linux 솔루션 
https://www.saramin.co.kr/zf_user/jobs/relay/view?isMypage=no&rec_idx=48516145,시스템 운영 담당자(8년 이상),(주)아파트아이,서울전체,경력 8~15년,인프라 Python 네트워크 
https://www.saramin.co.kr/zf_user/jobs/relay/view?isMypage=no&rec_idx=48566927,IT 네트워크 엔지니어,(주)스파크플러스,서울강남구,경력 5~7년,솔루션 네트워크 SE(시스템엔지니어) 
https://www.saramin.co.kr/zf_user/jobs/relay/view?isMypage=no&rec_idx=48329313,"제약 전문 IT  ERP 개발 신입, 경력 사원 모집",(주)지엠피아이티,서울금천구,신입·경력,AWS 웹개발 RDBMS 
https://www.saramin.co.kr/zf_user/jobs/relay/view?isMypage=no&rec_idx=48314347,SW 공급망 보안 솔루션 엔지니어 모집 (신입/경력),소프트플로우(주),경기성남시 수정구,신입·경력,솔루션 Python 네트워크 
https://www.saramin.co.kr/zf_user/jobs/relay/view?isMypage=no&rec_idx=48281444,"웹 어플리케이션 (ERP, HR / 인사 등) 개발자 모집",마린웍스(주),서울종로구,경력무관,솔루션 백엔드/서버개발 웹개발 
https://www.saramin.co.kr/zf_user/jobs/relay/view?isMypage=no&rec_idx=48510264,시스템 엔지니어 경력직 채용,주식회사 자이온아이티에스,서울서초구,신입·경력,AWS 인프라 Linux 
https://www.saramin.co.kr/zf_user/jobs/relay/view?isMypage=no&rec_idx=48553381,시스템엔지니어 모집,프라이빗테크놀로지(주),서울마포구,경력 3~20년,AWS 인프라 Linux 
https://www.saramin.co.kr/zf_user/jobs/relay/view?isMypage=no&rec_idx=48589013,[IT기업]솔루션 엔지니어 경력직 채용,주식회사 자이온아이티에스,서울서초구,신입·경력,AWS 인프라 Linux 
https://www.saramin.co.kr/zf_user/jobs/relay/view?isMypage=no&rec_idx=45987137,[전액국비+취업연계] AI(챗GPT)빅데이터/AWS클라우드보안,한국기술교육직업전문학교,부산동래구,경력무관,AWS 인프라 Java 
https://www.saramin.co.kr/zf_user/jobs/relay/view?isMypage=no&rec_idx=48358711,[강남/IT기업] 웹 개발자 모집,(주)아이엠폼,서울강남구,경력3년↑,인프라 Java Linux 
https://www.saramin.co.kr/zf_user/jobs/relay/view?isMypage=no&rec_idx=48586212,(대기업계열 IT 그룹사)  IT 플랫폼 기획/운영 총괄 임원급채용,에스에프인촌(주),서울강남구,경력15년↑,AWS 앱개발 SE(시스템엔지니어) 
https://www.saramin.co.kr/zf_user/jobs/relay/view?isMypage=no&rec_idx=48395709,IT개발자 경력직 채용,(주)미투유코리아,서울강서구,경력무관,AWS Java 웹개발 
https://www.saramin.co.kr/zf_user/jobs/relay/view?isMypage=no&rec_idx=48474926,기업교육 LMS 기획 및 개발자 채용(정규 및 계약직),(주)러닝팩토리,서울서초구,경력 1~10년,인프라 Java 솔루션 
https://www.saramin.co.kr/zf_user/jobs/relay/view?isMypage=no&rec_idx=48504691,시니어 클라우드 인프라 엔지니어 채용,(주)알로카도스,서울강남구,경력 3~15년,AWS 인프라 Python 
https://www.saramin.co.kr/zf_user/jobs/relay/view?isMypage=no&rec_idx=48504626,정보보안 컨설팅 모의해킹 신입/경력 채용,(주)오롯한,서울금천구,신입·경력,AWS 인프라 네트워크 
https://www.saramin.co.kr/zf_user/jobs/relay/view?isMypage=no&rec_idx=48613209,[클라우드] (주)마이퍼피 하반기 백엔드 엔지니어 채용,(주)마이퍼피,서울송파구,경력 3~7년,AWS 백엔드/서버개발 RDBMS 
https://www.saramin.co.kr/zf_user/jobs/relay/view?isMypage=no&rec_idx=48568965,"[강남/SW Solution] 백엔드(JAVA, SpringBoot) 엔지니어",(주)아데코코리아,서울강남구,경력3년↑,Python 백엔드/서버개발 IoT 
https://www.saramin.co.kr/zf_user/jobs/relay/view?isMypage=no&rec_idx=48566447,[WMS] 물류프로젝트개발 Java 개발자 채용,모비어스(주),서울강남구,경력 7~20년,RDBMS Javascript MSSQL 
https://www.saramin.co.kr/zf_user/jobs/relay/view?isMypage=no&rec_idx=48427044,[병역특례] 백엔드개발(Node.js) 산업기능요원 모집,넛지헬스케어(주),서울강남구,신입·경력,백엔드/서버개발 웹개발 프론트엔드 
https://www.saramin.co.kr/zf_user/jobs/relay/view?isMypage=no&rec_idx=48577552,IT/클라우드 솔루션 영업 채용,메가존클라우드(주),서울강남구,신입·경력,APM SaaS IT영업 
https://www.saramin.co.kr/zf_user/jobs/relay/view?isMypage=no&rec_idx=48602164,보안정책담당자 - 정보보호인증,(주)카카오페이,경기성남시 분당구,경력,정보보안 종합금융 
https://www.saramin.co.kr/zf_user/jobs/relay/view?isMypage=no&rec_idx=48585592,벡엔드 엔지니어,(주)엔젤로보틱스,서울성동구,경력 5~15년,Java 백엔드/서버개발 웹개발 
https://www.saramin.co.kr/zf_user/jobs/relay/view?isMypage=no&rec_idx=48423685,[베스핀글로벌 관계사] 클라우드 보안 엔지니어,베스핀글로벌(주),서울서초구,경력무관,인프라 솔루션 데이터엔지니어 
https://www.saramin.co.kr/zf_user/jobs/relay/view?isMypage=no&rec_idx=48463406,[CISO 직속 조직] 보안 운영 담당자,(주)발란,서울강남구,경력 7~15년,인프라 네트워크 보안컨설팅 
https://www.saramin.co.kr/zf_user/jobs/relay/view?isMypage=no&rec_idx=48518539,소프트웨어 QA/QC 담당자 (Secure Coding),(주)딥인사이트,경기전체,신입·경력,데이터분석가 QA/테스터 딥러닝 머신러닝 블록체인 
https://www.saramin.co.kr/zf_user/jobs/relay/view?isMypage=no&rec_idx=48390411,소프트웨어 QA/QC 담당자 (Secure Coding),(주)딥인사이트,경기성남시 분당구,경력무관,QA/테스터 컴퓨터비전 S/W AI(인공지능) C++ 
https://www.saramin.co.kr/zf_user/jobs/relay/view?isMypage=no&rec_idx=48550099,백엔드개발자 경력사원 채용 (정규직),(주)집쇼코리아,인천부평구,경력3년↑,백엔드/서버개발 웹개발 Node.js 
https://www.saramin.co.kr/zf_user/jobs/relay/view?isMypage=no&rec_idx=48598699,S/W 품질보증/관리 QA/QC 모집,주식회사 데이타커맨드,서울강동구,경력2년↑,Python QA/테스터 S/W 
https://www.saramin.co.kr/zf_user/jobs/relay/view?isMypage=no&rec_idx=48332273,(주)테라젠헬스 IT팀 웹개발자 경력 채용,(주)테라젠헬스,경기성남시 분당구,경력5년↑,Java 백엔드/서버개발 기술지원 
https://www.saramin.co.kr/zf_user/jobs/relay/view?isMypage=no&rec_idx=48213252,[TmaxCloud] 클라우드 연구원,(주)티맥스클라우드,경기성남시 분당구,경력무관,인프라 Java Linux 
https://www.saramin.co.kr/zf_user/jobs/relay/view?isMypage=no&rec_idx=48265522,"AI개발자, IT개발자, 서비스기획자, UI/UX디자이너, 회계 모집",(주)에이아이세스,경기성남시 수정구,경력무관,웹개발 퍼블리셔 프론트엔드 
https://www.saramin.co.kr/zf_user/jobs/relay/view?isMypage=no&rec_idx=48526048,"디지털헬스케어 분야 AI/IT 개발자, 서비스 기획자 모집",(주)에이아이세스,경기성남시 수정구,경력2년↑,백엔드/서버개발 웹개발 프론트엔드 
https://www.saramin.co.kr/zf_user/jobs/relay/view?isMypage=no&rec_idx=48436736,Java 백엔드 개발자,(주)디카르고,서울강남구,경력 3~10년,인프라 Java 백엔드/서버개발 
https://www.saramin.co.kr/zf_user/jobs/relay/view?isMypage=no&rec_idx=48558337,주)하늘엔 PHP Developer 채용 공고,(주)하늘엔,부산연제구,경력3년↑,앱개발 웹개발 SI개발 
https://www.saramin.co.kr/zf_user/jobs/relay/view?isMypage=no&rec_idx=48606168,주)하늘엔 PHP Developer 채용합니다.,(주)하늘엔,부산연제구,경력3년↑,앱개발 웹개발 SI개발 
https://www.saramin.co.kr/zf_user/jobs/relay/view?isMypage=no&rec_idx=48519875,[싱가포르 취업] 프로그램 개발자 (Microservice Developer ),Talent angels,아시아·중동싱가포르,신입·경력,앱개발 유지보수 개발PM 스크립트 
https://www.saramin.co.kr/zf_user/jobs/relay/view?isMypage=no&rec_idx=48448604,UI/UX 디자이너,인포그랩(유),경기성남시,신입,UI/UX디자인 UI/UX 
https://www.saramin.co.kr/zf_user/jobs/relay/view?isMypage=no&rec_idx=48232156,R&D 연구직 신입/경력/병역특례 채용,(주)코맥스,경기성남시 중원구,신입·경력,연구원 R&D 전자 
https://www.saramin.co.kr/zf_user/jobs/relay/view?isMypage=no&rec_idx=48526157,실력 있고 조직과 잘 어울릴수 있는 디자이너 채용합니다.,(주)아이웍스인터렉티브,서울강남구,경력3년↑,웹디자인 일러스트 웹에이전시 
https://www.saramin.co.kr/zf_user/jobs/relay/view?isMypage=no&rec_idx=48545620,[티벨 ]영업 기획 및 고객관리 경력자(실장급) 채용공고,(주)티벨,서울강남구,경력3년↑,영업관리 영업지원 매출관리 영업 영업기획 
https://www.saramin.co.kr/zf_user/jobs/relay/view?isMypage=no&rec_idx=48214082,[Lunit] [Medical Device] QA / 품질 보증 담당자,(주)루닛,서울강남구,경력 5~12년,QA QC 품질보증 소프트웨어개발 
https://www.saramin.co.kr/zf_user/jobs/relay/view?isMypage=no&rec_idx=48431056,[ONiON Mobility/MVL] 구매 담당자,(주)이지식스,경남창원시,경력2년↑,구매 재고관리 ERP 소프트웨어개발 
https://www.saramin.co.kr/zf_user/jobs/relay/view?isMypage=no&rec_idx=48545040,[자율주행/서울] Robotics SW Engineer,(주)아데코코리아,서울성동구,경력5년↑,기술지원 프론트엔드 알고리즘 
https://www.saramin.co.kr/zf_user/jobs/relay/view?isMypage=no&rec_idx=48427004,[캐시워크] 백엔드/서버 개발자,넛지헬스케어(주),서울강남구,경력 4~10년,AWS 인프라 백엔드/서버개발 
https://www.saramin.co.kr/zf_user/jobs/relay/view?isMypage=no&rec_idx=48452990,[오케스트로] Cloud Architect(AA)(Application Architect) 채용,오케스트로(주),서울영등포구,경력8년↑,AWS Java 솔루션 
https://www.saramin.co.kr/zf_user/jobs/relay/view?isMypage=no&rec_idx=48454711,Kubernetes Engineer,오케스트로(주),서울전체,경력 3~10년,인프라 웹개발 SE(시스템엔지니어) 
https://www.saramin.co.kr/zf_user/jobs/relay/view?isMypage=no&rec_idx=48493797,Cloud Architect (Application Architect),오케스트로(주),서울전체,경력 6~8년,AWS 인프라 Java 
https://www.saramin.co.kr/zf_user/jobs/relay/view?isMypage=no&rec_idx=48490721,Full Stack Developer (Cloud Management Platform),오케스트로(주),서울전체,경력 5~10년,Java Linux 백엔드/서버개발 
https://www.saramin.co.kr/zf_user/jobs/relay/view?isMypage=no&rec_idx=48507908,[삼성계열 SW 전문기업] Openstack 클라우드  플랫폼 B/E 개발,(주)스카우트,서울강남구,경력 3~15년,AWS Java 백엔드/서버개발 
https://www.saramin.co.kr/zf_user/jobs/relay/view?isMypage=no&rec_idx=48511968,Infra 개발,(주)바텍,경기전체,경력 8~20년,인프라 백엔드/서버개발 웹개발 
https://www.saramin.co.kr/zf_user/jobs/relay/view?isMypage=no&rec_idx=48577388,[투비소프트] 클라우드 솔루션 아키텍트 경력직 채용,(주)투비소프트,서울강남구,경력 4~10년,AWS 인프라 Java 
https://www.saramin.co.kr/zf_user/jobs/relay/view?isMypage=no&rec_idx=48340744,홈넷 서버 및 플랫폼 서버 개발자/팀장 채용,(주)코콤,서울강서구,경력 7~15년,Java 앱개발 MySQL 
https://www.saramin.co.kr/zf_user/jobs/relay/view?isMypage=no&rec_idx=48421360,[하이브랩] Back-end (Java개발자) 경력직 채용 (7년 이상),(주)하이브랩,경기성남시 분당구,경력7년↑,Java 백엔드/서버개발 JSP 
https://www.saramin.co.kr/zf_user/jobs/relay/view?isMypage=no&rec_idx=48293572,[SK계열사] 웹 프론트엔드 개발자 채용,파킹클라우드(주),서울금천구,경력 6~10년,백엔드/서버개발 웹개발 프론트엔드 
https://www.saramin.co.kr/zf_user/jobs/relay/view?isMypage=no&rec_idx=48383344,(주)플래티어 아틀라시안&데브옵스 솔루션 엔지니어 경력직 채용,(주)플래티어,서울송파구,경력 2~15년,Linux 솔루션 Python 
https://www.saramin.co.kr/zf_user/jobs/relay/view?isMypage=no&rec_idx=48343281,클라우드개발/제품개발/React 개발 경력 채용,(주)핸디소프트,경기안양시 동안구,경력 4~10년,Java 솔루션 백엔드/서버개발 
https://www.saramin.co.kr/zf_user/jobs/relay/view?isMypage=no&rec_idx=48342978,[SW] 품질관리(QA) 경력자 모집,(주)핸디소프트,경기안양시 동안구,경력 3~5년,Linux QA/테스터 Unix 
https://www.saramin.co.kr/zf_user/jobs/relay/view?isMypage=no&rec_idx=48539448,전산(Cloud) 시스템 엔지니어 모집,라온피플(주),경기과천시,경력10년↑,AWS 인프라 솔루션 
https://www.saramin.co.kr/zf_user/jobs/relay/view?isMypage=no&rec_idx=48539480,AI어시스턴트 개발자 모집,라온피플(주),경기과천시,경력1년↑,AWS 인프라 Java 
https://www.saramin.co.kr/zf_user/jobs/relay/view?isMypage=no&rec_idx=48533257,형상관리 솔루션 엔지니어,(주)플래티어,서울전체,경력 2~15년,솔루션 기술지원 DBA 
https://www.saramin.co.kr/zf_user/jobs/relay/view?isMypage=no&rec_idx=48533186,[그루비 SaaS 솔루션] 클라우드 엔지니어,(주)플래티어,서울전체,경력 5~10년,AWS 인프라 Linux 
https://www.saramin.co.kr/zf_user/jobs/relay/view?isMypage=no&rec_idx=48539470,Core Platform 개발자 모집,라온피플(주),경기과천시,경력3년↑,인프라 솔루션 Python 
https://www.saramin.co.kr/zf_user/jobs/relay/view?isMypage=no&rec_idx=48533329,아틀라시안 & 데브옵스 솔루션 엔지니어,(주)플래티어,서울전체,경력 2~15년,Java Linux 솔루션 
https://www.saramin.co.kr/zf_user/jobs/relay/view?isMypage=no&rec_idx=48539475,AI Platform 백엔드 개발자 모집,라온피플(주),경기과천시,경력3년↑,AWS 인프라 솔루션 
https://www.saramin.co.kr/zf_user/jobs/relay/view?isMypage=no&rec_idx=48539461,Service Platform 개발자 모집,라온피플(주),경기과천시,경력5년↑,인프라 솔루션 Python 
https://www.saramin.co.kr/zf_user/jobs/relay/view?isMypage=no&rec_idx=48600071,DSO(Application Architect) 채용,메가존클라우드(주),서울강남구,경력7년↑,AWS Java Python 
https://www.saramin.co.kr/zf_user/jobs/relay/view?isMypage=no&rec_idx=48326334,Tech lead (모바일 보안 솔루션),(주)잉카엔트웍스,서울강남구,경력 15~25년,AWS 인프라 Java 
https://www.saramin.co.kr/zf_user/jobs/relay/view?isMypage=no&rec_idx=48353063,[공공기관 SI프로젝트] TA(Technical Architect) 경력직 모집,(주)케이사인,서울구로구,경력5년↑,인프라 네트워크 SE(시스템엔지니어) 
https://www.saramin.co.kr/zf_user/jobs/relay/view?isMypage=no&rec_idx=48441856,[중견기업/업계최고대우] 어플리케이션 아키텍트(경력) 채용,(주)사람인에이치에스,서울중구,경력8년↑,AWS Java Python 
https://www.saramin.co.kr/zf_user/jobs/relay/view?isMypage=no&rec_idx=48534949,[슈프리마] BioStar 2 웹서버 개발자 모집,(주)슈프리마,경기성남시 분당구,경력 3~10년,백엔드/서버개발 데이터엔지니어 웹개발 
https://www.saramin.co.kr/zf_user/jobs/relay/view?isMypage=no&rec_idx=48283994,[생성형 AI 활용 솔루션 기업] 풀스택 개발자(경력직) 초빙,(주)에이아이오투오,경기성남시 수정구,경력7년↑,Java 솔루션 Python 
https://www.saramin.co.kr/zf_user/jobs/relay/view?isMypage=no&rec_idx=48432945,[개발운영] 백엔드 개발자 (경력),(주)누리미디어,서울마포구,경력 5~10년,AWS Java 백엔드/서버개발 
https://www.saramin.co.kr/zf_user/jobs/relay/view?isMypage=no&rec_idx=48473785,[생성형 AI 활용 솔루션 기업] 풀스택 개발자(주니어) 초빙,(주)에이아이오투오,경기성남시 수정구,경력2년↑,Java 솔루션 Python 
https://www.saramin.co.kr/zf_user/jobs/relay/view?isMypage=no&rec_idx=48229572,(주)ISTN [ AD 시스템 운영 엔지니어 채용],(주)아이에스티엔,경기용인시 기흥구,경력 3~8년,솔루션 Windows 기술지원 
https://www.saramin.co.kr/zf_user/jobs/relay/view?isMypage=no&rec_idx=47581906,백엔드 개발자 (Node.js),(주)큐피스트,서울강남구,경력 5~10년,AWS Java Python 
https://www.saramin.co.kr/zf_user/jobs/relay/view?isMypage=no&rec_idx=48297346,PM 및 개발/운영담당자 영입,베스핀글로벌(주),서울서초구,경력 7~15년,AWS 인프라 Java 
https://www.saramin.co.kr/zf_user/jobs/relay/view?isMypage=no&rec_idx=48348315,풀스택 개발자 영입,베스핀글로벌(주),서울서초구,경력 6~9년,AWS 인프라 Python 
https://www.saramin.co.kr/zf_user/jobs/relay/view?isMypage=no&rec_idx=48467037,[클라우드 엔지니어] AWS GCP Azure 경력직 (구축or인프라 운영),마이데이터(주),경기성남시 중원구,경력2년↑,AWS 인프라 솔루션 
https://www.saramin.co.kr/zf_user/jobs/relay/view?isMypage=no&rec_idx=48468212,하만커넥티드서비시즈-Software Engineer-Kubernetes Automation,(유)하만커넥티드서비시즈인크,경기수원시 영통구,경력7년↑,AWS Linux Python 
https://www.saramin.co.kr/zf_user/jobs/relay/view?isMypage=no&rec_idx=48433119,개발 및 운영(Cloud Engineer) 담당자 영입,베스핀글로벌(주),서울서초구,경력 3~10년,AWS 인프라 Java 
https://www.saramin.co.kr/zf_user/jobs/relay/view?isMypage=no&rec_idx=48566872,Cloud Solution Architect (Presales 컨설팅) 담당자 영입,베스핀글로벌(주),서울서초구,경력3년↑,AWS 인프라 네트워크 
https://www.saramin.co.kr/zf_user/jobs/relay/view?isMypage=no&rec_idx=48464432,클라우드 업무자동화 시스템 개발,디딤365(주),서울구로구,경력3년↑,AWS Java 백엔드/서버개발 
https://www.saramin.co.kr/zf_user/jobs/relay/view?isMypage=no&rec_idx=48464419,클라우드 관리 솔루션 개발 경력사원 영입,디딤365(주),서울구로구,경력3년↑,AWS 인프라 솔루션 
https://www.saramin.co.kr/zf_user/jobs/relay/view?isMypage=no&rec_idx=48500198,Frontend 소프트웨어 엔지니어 (경력),인포그랩(유),경기전체,경력 1~6년,인프라 웹개발 프론트엔드 
https://www.saramin.co.kr/zf_user/jobs/relay/view?isMypage=no&rec_idx=48504644,아콘소프트 개발 및 엔지니어 경력직 모집,아콘소프트(주),서울강남구,경력5년↑,Linux 솔루션 Python 
https://www.saramin.co.kr/zf_user/jobs/relay/view?isMypage=no&rec_idx=48579481,오픈소스 솔루션 아키텍트 (2년 ~ 6년),인포그랩(유),경기전체,경력 2~6년,인프라 솔루션 웹개발 
https://www.saramin.co.kr/zf_user/jobs/relay/view?isMypage=no&rec_idx=48568816,AA(Application Architect) 채용,(주)메타넷티플랫폼,서울종로구,경력 5~20년,AWS 인프라 백엔드/서버개발 
https://www.saramin.co.kr/zf_user/jobs/relay/view?isMypage=no&rec_idx=48406275,[경력] (주)티벨 방송 플랫폼 SW테스터 채용(성남),(주)티벨,경기성남시 분당구,경력 1~15년,웹마스터 QA/테스터 Windows 
https://www.saramin.co.kr/zf_user/jobs/relay/view?isMypage=no&rec_idx=48545683,(주)티벨 자동차용 AVN Cluster SW테스터 채용,(주)티벨,경기성남시 수정구,경력무관,웹마스터 QA/테스터 Windows 
https://www.saramin.co.kr/zf_user/jobs/relay/view?isMypage=no&rec_idx=48605478,(주)다비오 백엔드 개발자 채용,(주)다비오,서울마포구,경력 5~10년,AWS 네트워크 기술지원 
https://www.saramin.co.kr/zf_user/jobs/relay/view?isMypage=no&rec_idx=48186837,Senior Frontend Engineer · AI Platform,(주)루닛,서울강남구,경력 6~15년,웹개발 퍼블리셔 프론트엔드 반응형웹 
https://www.saramin.co.kr/zf_user/jobs/relay/view?isMypage=no&rec_idx=48421222,Backend Engineer · Lunit INSIGHT,(주)루닛,서울강남구,경력 3~6년,인프라 Python 백엔드/서버개발 
https://www.saramin.co.kr/zf_user/jobs/relay/view?isMypage=no&rec_idx=48186798,Senior  Backend Engineer · Lunit SCOPE,(주)루닛,서울강남구,경력 5~10년,AWS 인프라 Python 
https://www.saramin.co.kr/zf_user/jobs/relay/view?isMypage=no&rec_idx=48325418,Senior Frontend Engineer · Lunit SCOPE,(주)루닛,서울강남구,경력 5~10년,웹개발 퍼블리셔 프론트엔드 반응형웹 
https://www.saramin.co.kr/zf_user/jobs/relay/view?isMypage=no&rec_idx=48421216,Backend Engineer · Lunit INSIGHT,(주)루닛,서울강남구,경력 3~6년,인프라 Python 백엔드/서버개발 
https://www.saramin.co.kr/zf_user/jobs/relay/view?isMypage=no&rec_idx=48447228,[경력] 영업/개발/엔지니어/SA등 부문별 채용,솔트웨어(주),서울구로구,경력3년↑,AWS 인프라 Java 
https://www.saramin.co.kr/zf_user/jobs/relay/view?isMypage=no&rec_idx=48450374,자바(JAVA) 웹 개발자(경력) 채용 공고,(주)좋은정보기술,전북전주시 덕진구,경력2년↑,솔루션 백엔드/서버개발 웹개발 
https://www.saramin.co.kr/zf_user/jobs/relay/view?isMypage=no&rec_idx=48463713,[CTO 직속 조직] DevSecOps,(주)발란,서울강남구,경력 7~15년,AWS 인프라 네트워크 
https://www.saramin.co.kr/zf_user/jobs/relay/view?isMypage=no&rec_idx=48428906,솔루션 기반의 Java 개발자 채용(경력),쓰리피체인(주),서울서초구,경력3년↑,솔루션 웹개발 유지보수 
https://www.saramin.co.kr/zf_user/jobs/relay/view?isMypage=no&rec_idx=48559034,[코딩 교육 솔루션] Node.js 웹개발자(Full Stack) 개발자 채용,(주)탤런트뱅크,서울서초구,경력4년↑,웹개발 API Azure 
https://www.saramin.co.kr/zf_user/jobs/relay/view?isMypage=no&rec_idx=48297760,웹개발 경력 채용,(주)티디앤,경기안양시 동안구,경력 3~5년,Linux 솔루션 백엔드/서버개발 
https://www.saramin.co.kr/zf_user/jobs/relay/view?isMypage=no&rec_idx=48518703,R&D Senior S/W & System engineers,아이디퀀티크(유),경기성남시 분당구,경력 10~15년,AWS Linux Python 
https://www.saramin.co.kr/zf_user/jobs/relay/view?isMypage=no&rec_idx=48366425,[칼리버스] 2024년 운영 서버 및 툴 개발자 경력 인재 영입,(주)칼리버스,서울강남구,경력5년↑,AWS Java 프론트엔드 
https://www.saramin.co.kr/zf_user/jobs/relay/view?isMypage=no&rec_idx=48274760,[정규직/경력직] 엑스이허브 JAVA 개발자 채용,엑스이허브(주),서울금천구,경력3년↑,AWS Java 솔루션 
https://www.saramin.co.kr/zf_user/jobs/relay/view?isMypage=no&rec_idx=48391441,[(주)업스테어스] 웹 개발자 채용,(주)업스테어스,서울마포구,경력3년↑,웹개발 Node.js Vue.js 
https://www.saramin.co.kr/zf_user/jobs/relay/view?isMypage=no&rec_idx=48391448,[(주)업스테어스] 웹 개발자 채용(프리랜서),(주)업스테어스,서울마포구,경력3년↑,웹개발 Node.js Vue.js 
https://www.saramin.co.kr/zf_user/jobs/relay/view?isMypage=no&rec_idx=48441095,클라우드 인프라 엔지니어 채용,(주)위키드스톰,서울강서구,경력 5~12년,AWS 인프라 솔루션 
https://www.saramin.co.kr/zf_user/jobs/relay/view?isMypage=no&rec_idx=48501250,[칼리버스] 2024년 블록체인 서버 개발자 경력 인재 영입,(주)칼리버스,서울강남구,경력5년↑,AWS 프론트엔드 C# 
https://www.saramin.co.kr/zf_user/jobs/relay/view?isMypage=no&rec_idx=48525659,[백엔드] 백엔드 설계 개발자 채용br,(주)비비파트너스,서울강남구,경력 3~6년,AWS 인프라 Java 
https://www.saramin.co.kr/zf_user/jobs/relay/view?isMypage=no&rec_idx=48574506,서버 및 인프라 개발자,(주)데이터메이커,대전전체,경력 5~20년,인프라 Linux 솔루션 
https://www.saramin.co.kr/zf_user/jobs/relay/view?isMypage=no&rec_idx=48343571,백엔드 개발 경력,(주)아이오트러스트,서울강남구,경력 5~15년,Linux 백엔드/서버개발 Node.js 
https://www.saramin.co.kr/zf_user/jobs/relay/view?isMypage=no&rec_idx=48535321,디센트 백엔드 개발,(주)아이오트러스트,서울강남구,경력 5~15년,인프라 Linux 백엔드/서버개발 
https://www.saramin.co.kr/zf_user/jobs/relay/view?isMypage=no&rec_idx=48565555,업계 1위 대기업 전사 IT 개발자(서버) 과장/차장급 모집,(주)헬로서치,서울강남구,경력5년↑,Java 백엔드/서버개발 IoT 
https://www.saramin.co.kr/zf_user/jobs/relay/view?isMypage=no&rec_idx=48565602,유명 1군 게임사 AI센터 인프라 구축 및 시스템 운영 담당 모집,(주)헬로서치,서울강남구,경력4년↑,AWS 인프라 Linux 
https://www.saramin.co.kr/zf_user/jobs/relay/view?isMypage=no&rec_idx=48296812,"[한국어 학습 앱] 펀픽, '백앤드 개발자', 'PM' 모집 공고",아이디자인랩,서울마포구,경력3년↑,AWS Python 백엔드/서버개발 
https://www.saramin.co.kr/zf_user/jobs/relay/view?isMypage=no&rec_idx=47083881,Cloud&Platform Engineer,(주)뮤직카우,서울중구,경력3년↓,ISMS Kubernetes 소프트웨어개발 
https://www.saramin.co.kr/zf_user/jobs/relay/view?isMypage=no&rec_idx=48443892,아틀라시안 엔지니어,(주)오픈소스컨설팅,서울강남구,경력15년↓,Linux 솔루션 기술지원 
